Rk,Name,Age,Tm,G,PA,AB,R,H,2B,3B,HR,RBI,SB,CS,BB,SO,BA,OBP,SLG,OPS,OPS+,TB,GDP,HBP,SH,SF,IBB,Pos Summary
1,Bobby Abreu*,40,NYM,78,155,133,12,33,9,0,1,14,1,0,20,21,.248,.342,.338,.680,97,45,3,0,0,2,0,9/7D
2,Tony Abreu#,29,SFG,3,4,4,0,0,0,0,0,0,0,0,0,0,.000,.000,.000,.000,-100,0,1,0,0,0,0,/45
3,Cristhian Adames#,22,COL,7,15,15,1,1,0,0,0,0,0,0,0,5,.067,.067,.067,.133,-64,1,1,0,0,0,0,/64
4,Matt Adams*,25,STL,142,563,527,55,152,34,5,15,68,3,2,26,114,.288,.321,.457,.779,115,241,9,3,0,7,5,*3
5,Mike Adams,35,PHI,22,0,0,0,0,0,0,0,0,0,0,0,0,,,,,,0,0,0,0,0,0,1
6,Ehire Adrianza#,24,SFG,53,106,97,10,23,6,0,0,5,1,1,5,22,.237,.279,.299,.578,66,29,2,1,2,1,1,4/65
7,Jeremy Affeldt*,35,SFG,62,0,0,0,0,0,0,0,0,0,0,0,0,,,,,,0,0,0,0,0,0,1
8,Nick Ahmed,24,ARI,25,75,70,9,14,2,0,1,4,0,1,3,10,.200,.233,.271,.504,40,19,2,0,2,0,0,6/4
9,Arismendy Alcantara#,22,CHC,70,300,278,31,57,11,2,10,29,8,5,17,93,.205,.254,.367,.621,70,102,3,2,1,2,0,84
10,Abraham Almonte#,25,SDP,32,107,98,9,26,5,0,2,7,1,2,6,20,.265,.305,.378,.682,98,37,4,0,2,1,0,78
11,Yonder Alonso*,27,SDP,84,288,267,27,64,19,1,7,27,6,1,17,36,.240,.285,.397,.682,97,106,8,1,0,3,1,3/5
12,Aaron Altherr,23,PHI,2,5,5,0,0,0,0,0,0,0,0,0,2,.000,.000,.000,.000,-100,0,0,0,0,0,0,/7
13,Dario Alvarez*,25,NYM,4,0,0,0,0,0,0,0,0,0,0,0,0,,,,,,0,0,0,0,0,0,/1
14,Henderson Alvarez,24,MIA,30,67,57,2,11,0,0,0,2,0,0,1,20,.193,.203,.193,.396,11,11,0,0,8,1,0,1
15,Pedro Alvarez*,27,PIT,122,445,398,46,92,13,1,18,56,8,3,45,113,.231,.312,.405,.717,102,161,12,2,0,0,6,5/3D
16,R.J. Alvarez,23,SDP,10,0,0,0,0,0,0,0,0,0,0,0,0,,,,,,0,0,0,0,0,0,1
17,Alexi Amarista*,25,SDP,148,466,423,39,101,13,2,5,40,12,1,29,69,.239,.286,.314,.600,76,133,6,1,8,5,5,6548/7
18,Hector Ambriz*,30,SDP,1,0,0,0,0,0,0,0,0,0,0,0,0,,,,,,0,0,0,0,0,0,/1
19,Brett Anderson*,26,COL,8,15,14,0,2,2,0,0,1,0,0,0,7,.143,.143,.286,.429,10,4,0,0,1,0,0,/1
20,Chase Anderson,26,ARI,22,41,34,0,1,0,0,0,0,0,0,0,14,.029,.057,.029,.087,-75,1,0,1,6,0,0,1
21,Nolan Arenado,23,COL,111,467,432,58,124,34,2,18,61,2,1,25,58,.287,.328,.500,.828,116,216,13,4,1,5,1,*5
22,Joaquin Arias,29,SFG,107,204,193,18,49,9,0,0,15,1,0,8,23,.254,.281,.301,.581,67,58,1,0,1,2,2,5346/D
23,Jake Arrieta,28,CHC,26,47,39,3,7,2,1,0,3,0,0,2,16,.179,.220,.282,.502,38,11,1,0,6,0,0,1
24,Bronson Arroyo,37,ARI,15,31,27,5,6,0,0,0,0,0,0,0,12,.222,.222,.222,.444,25,6,0,0,4,0,0,1
25,Erisbel Arruebarrena,24,LAD,22,45,41,4,8,1,0,0,4,0,0,3,17,.195,.244,.220,.464,34,9,1,0,0,1,0,6
26,Cody Asche*,24,PHI,121,434,397,43,100,25,0,10,46,0,1,33,102,.252,.309,.390,.699,95,155,6,0,3,1,4,*5
27,Phillippe Aumont*,25,PHI,5,1,1,0,0,0,0,0,0,0,0,0,1,.000,.000,.000,.000,-100,0,0,0,0,0,0,/1
28,Luis Avilan*,24,ATL,62,1,0,0,0,0,0,0,0,0,0,0,0,,,,,,0,0,0,1,0,0,1
29,Dylan Axelrod,28,CIN,5,4,4,0,0,0,0,0,0,0,0,0,4,.000,.000,.000,.000,-100,0,0,0,0,0,0,/1
30,John Axford,31,PIT,13,0,0,0,0,0,0,0,0,0,0,0,0,,,,,,0,0,0,0,0,0,1
31,Javier Baez,21,CHC,52,229,213,25,36,6,0,9,20,5,1,15,95,.169,.227,.324,.551,51,69,5,1,0,0,0,64
32,Pedro Baez,26,LAD,20,0,0,0,0,0,0,0,0,0,0,0,0,,,,,,0,0,0,0,0,0,1
33,Homer Bailey,28,CIN,23,51,41,3,6,0,0,0,3,0,0,2,18,.146,.186,.146,.332,-4,6,1,0,8,0,0,1
34,Jeff Baker,33,MIA,90,225,208,27,55,10,4,3,28,1,0,13,51,.264,.307,.394,.701,93,82,8,1,0,3,1,34/5
35,John Baker*,33,CHC,68,208,182,9,35,7,0,0,15,0,0,19,58,.192,.273,.231,.504,42,42,3,2,3,2,3,2/1
36,Clint Barmes,35,PIT,48,116,102,15,25,5,0,0,7,1,1,9,18,.245,.328,.294,.622,78,30,2,4,0,1,2,64/35
37,Brandon Barnes,28,COL,132,313,292,37,75,17,4,8,27,5,4,15,100,.257,.293,.425,.718,88,124,11,0,6,0,0,97/8
38,Darwin Barney,28,TOT,94,262,237,24,57,11,2,3,23,1,0,17,34,.241,.300,.342,.642,79,81,1,4,2,2,2,4/6
39,Darwin Barney,28,CHC,72,217,204,18,47,10,2,2,16,1,0,9,31,.230,.265,.328,.594,64,67,1,1,2,1,2,4
40,Darwin Barney,28,LAD,22,45,33,6,10,1,0,1,7,0,0,8,3,.303,.467,.424,.891,157,14,0,3,0,1,0,4/6
41,Tucker Barnhart#,23,CIN,21,60,54,3,10,0,0,1,1,0,0,4,10,.185,.241,.241,.482,37,13,0,0,2,0,1,2
42,Aaron Barrett,26,WSN,50,0,0,0,0,0,0,0,0,0,0,0,0,,,,,,0,0,0,0,0,0,1
43,Antonio Bastardo,28,PHI,67,1,0,0,0,0,0,0,0,0,0,1,0,,1.000,,,,0,0,0,0,0,0,1
44,Mike Baxter*,29,LAD,4,8,7,0,0,0,0,0,0,0,0,1,2,.000,.125,.000,.125,-60,0,1,0,0,0,0,/7
45,Pedro Beato,27,ATL,3,0,0,0,0,0,0,0,0,0,0,0,0,,,,,,0,0,0,0,0,0,/1
46,Josh Beckett,34,LAD,20,43,39,4,7,3,0,0,2,0,0,1,14,.179,.200,.256,.456,30,10,0,0,3,0,0,1
47,Dallas Beeler,25,CHC,2,4,4,0,1,0,0,0,0,0,0,0,2,.250,.250,.250,.500,40,1,0,0,0,0,0,/1
48,Matt Belisle,34,COL,66,1,1,0,0,0,0,0,0,0,0,0,0,.000,.000,.000,.000,-100,0,0,0,0,0,0,1
49,Trevor Bell*,27,CIN,2,0,0,0,0,0,0,0,0,0,0,0,0,,,,,,0,0,0,0,0,0,/1
50,Brandon Belt*,26,SFG,61,235,214,30,52,8,0,12,27,3,1,18,64,.243,.306,.449,.755,114,96,4,2,0,1,2,3/9
51,Joaquin Benoit,36,SDP,53,0,0,0,0,0,0,0,0,0,0,0,0,,,,,,0,0,0,0,0,0,1
52,Christian Bergman,26,COL,10,20,19,0,1,0,0,0,0,0,0,0,6,.053,.053,.053,.105,-72,1,0,0,1,0,0,1
53,Roger Bernadina*,30,TOT,53,80,66,5,11,3,0,1,9,2,1,10,19,.167,.304,.258,.561,62,17,2,3,1,0,0,79/83
54,Roger Bernadina*,30,CIN,44,71,59,3,9,3,0,0,5,2,1,10,16,.153,.286,.203,.489,42,12,2,1,1,0,0,7/983
55,Roger Bernadina*,30,LAD,9,9,7,2,2,0,0,1,4,0,0,0,3,.286,.444,.714,1.159,225,5,0,2,0,0,0,/79
56,Christian Bethancourt,22,ATL,31,117,113,7,28,3,0,0,9,1,1,3,26,.248,.274,.274,.548,55,31,3,1,0,0,0,2
57,Chad Bettis,25,COL,21,3,3,0,0,0,0,0,0,0,0,0,1,.000,.000,.000,.000,-100,0,0,0,0,0,0,1
58,Jeff Bianchi,27,MIL,29,74,70,4,12,1,0,0,6,0,0,3,17,.171,.203,.186,.388,9,13,1,0,0,1,0,6/54
59,Vic Black,26,NYM,41,0,0,0,0,0,0,0,0,0,0,0,0,,,,,,0,0,0,0,0,0,1
60,Charlie Blackmon*,27,COL,154,648,593,82,171,27,3,19,72,28,10,31,96,.288,.335,.440,.775,104,261,3,13,6,5,5,*987
61,Andres Blanco#,30,PHI,25,53,47,4,13,5,0,1,3,0,0,2,6,.277,.306,.447,.753,109,21,4,0,4,0,1,5/64
62,Gregor Blanco*,30,SFG,146,444,393,51,102,18,6,5,38,16,5,41,77,.260,.333,.374,.707,103,147,4,3,6,1,1,*87/9
63,Kyle Blanks,27,SDP,5,10,10,1,2,0,0,0,0,0,0,0,3,.200,.200,.200,.400,18,2,0,0,0,0,0,/37
64,Jerry Blevins*,30,WSN,64,0,0,0,0,0,0,0,0,0,0,0,0,,,,,,0,0,0,0,0,0,1
65,Brett Bochy,26,SFG,3,0,0,0,0,0,0,0,0,0,0,0,0,,,,,,0,0,0,0,0,0,/1
66,Mike Bolsinger,26,ARI,10,20,19,1,2,0,0,0,1,0,0,0,7,.105,.105,.105,.211,-41,2,0,0,1,0,0,1
67,Emilio Bonifacio#,29,TOT,110,426,394,47,102,17,4,3,24,26,8,26,85,.259,.305,.345,.650,81,136,2,0,6,0,2,84/5976D
68,Emilio Bonifacio#,29,CHC,69,298,276,35,77,14,3,2,18,14,6,16,49,.279,.318,.373,.692,91,103,1,0,6,0,2,84/56
69,Emilio Bonifacio#,29,ATL,41,128,118,12,25,3,1,1,6,12,2,10,36,.212,.273,.280,.553,57,33,1,0,0,0,0,8/9476D
70,Justin Bour*,26,MIA,39,83,74,10,21,3,0,1,11,0,0,9,19,.284,.361,.365,.726,103,27,0,0,0,0,1,3/D
71,Jason Bourgeois,32,CIN,18,34,33,5,8,0,1,0,1,0,0,1,6,.242,.265,.303,.568,61,10,1,0,0,0,0,/789
72,Peter Bourjos,27,STL,119,294,264,32,61,9,5,4,24,9,3,20,78,.231,.294,.348,.643,79,92,5,4,5,1,1,8
73,Blaine Boyer,32,SDP,32,0,0,0,0,0,0,0,0,0,0,0,0,,,,,,0,0,0,0,0,0,1
74,Ryan Braun,30,MIL,135,580,530,68,141,30,6,19,81,11,5,41,113,.266,.324,.453,.777,114,240,17,6,0,3,3,*9/8D
75,Reid Brignac*,28,PHI,37,91,81,4,18,5,1,1,10,1,1,9,33,.222,.300,.346,.646,81,28,2,0,1,0,1,5/46
76,Rex Brothers*,26,COL,74,0,0,0,0,0,0,0,0,0,0,0,0,,,,,,0,0,0,0,0,0,1
77,Andrew Brown,29,NYM,19,49,44,6,8,1,0,2,7,0,0,3,15,.182,.245,.341,.586,67,15,2,1,0,1,0,/79D
78,Brooks Brown*,29,COL,28,1,1,0,0,0,0,0,0,0,0,0,1,.000,.000,.000,.000,-100,0,0,0,0,0,0,1
79,Domonic Brown*,26,PHI,144,512,473,47,111,22,1,10,63,7,1,34,91,.235,.285,.349,.634,77,165,9,1,0,4,4,*7/D
80,Gary Brown,25,SFG,7,7,7,1,3,0,0,0,1,0,0,0,0,.429,.429,.429,.857,148,3,0,0,0,0,0,/8
81,Jonathan Broxton,30,TOT,62,0,0,0,0,0,0,0,0,0,0,0,0,,,,,,0,0,0,0,0,0,1
82,Jonathan Broxton,30,CIN,51,0,0,0,0,0,0,0,0,0,0,0,0,,,,,,0,0,0,0,0,0,1
83,Jonathan Broxton,30,MIL,11,0,0,0,0,0,0,0,0,0,0,0,0,,,,,,0,0,0,0,0,0,1
84,Jay Bruce*,27,CIN,137,545,493,71,107,21,1,18,66,12,3,44,149,.217,.281,.373,.654,84,184,8,2,1,5,5,*9/3
85,David Buchanan,25,PHI,20,39,30,2,3,1,0,0,2,0,0,4,10,.100,.206,.133,.339,-2,4,0,0,5,0,0,1
86,Ryan Buchter*,27,ATL,1,0,0,0,0,0,0,0,0,0,0,0,0,,,,,,0,0,0,0,0,0,/1
87,Billy Buckner,30,SDP,1,1,1,0,0,0,0,0,0,0,0,0,0,.000,.000,.000,.000,-100,0,0,0,0,0,0,/1
88,Madison Bumgarner,24,SFG,34,78,66,10,17,2,0,4,15,0,0,2,29,.258,.286,.470,.755,113,31,0,1,8,1,0,1
89,A.J. Burnett,37,PHI,34,65,60,5,8,2,0,0,1,0,0,3,23,.133,.175,.167,.341,-3,10,2,0,2,0,0,1
90,Drew Butera,30,LAD,61,192,170,16,32,6,1,3,14,0,0,17,41,.188,.267,.288,.555,59,49,1,2,1,2,1,2/13
91,Eddie Butler,23,COL,3,6,6,0,0,0,0,0,0,0,0,0,3,.000,.000,.000,.000,-100,0,0,0,0,0,0,/1
92,Joey Butler,28,STL,6,6,5,0,0,0,0,0,0,0,0,1,3,.000,.167,.000,.167,-48,0,0,0,0,0,0,/9
93,Keith Butler,25,STL,2,0,0,0,0,0,0,0,0,0,0,0,0,,,,,,0,0,0,0,0,0,/1
94,Marlon Byrd,36,PHI,154,637,591,71,156,28,2,25,85,3,2,35,185,.264,.312,.445,.757,110,263,6,8,0,3,7,*9/D
95,Asdrubal Cabrera#,28,WSN,49,200,175,20,40,9,2,5,21,3,0,22,29,.229,.312,.389,.700,92,68,4,0,1,2,1,4/6
96,Everth Cabrera#,27,SDP,90,391,357,36,83,13,1,3,20,18,8,20,86,.232,.272,.300,.572,67,107,5,1,9,4,0,6
97,Trevor Cahill,26,ARI,32,29,24,0,2,1,0,0,0,0,0,1,5,.083,.120,.125,.245,-31,3,0,0,4,0,0,1
98,Matt Cain,29,SFG,15,30,27,1,4,0,0,0,0,0,0,2,13,.148,.233,.148,.381,13,4,0,1,0,0,0,1
99,Arquimedes Caminero,27,MIA,6,0,0,0,0,0,0,0,0,0,0,0,0,,,,,,0,0,0,0,0,0,/1
100,Shawn Camp,38,PHI,3,0,0,0,0,0,0,0,0,0,0,0,0,,,,,,0,0,0,0,0,0,/1
101,Tony Campana*,28,ARI,26,61,60,4,9,1,1,0,3,4,1,0,10,.150,.164,.200,.364,1,12,0,1,0,0,0,8/7
102,Eric Campbell,27,NYM,85,211,190,16,50,9,0,3,16,3,0,17,55,.263,.322,.358,.680,96,68,5,1,0,3,0,753/964D
103,Leonel Campos,26,SDP,6,0,0,0,0,0,0,0,0,0,0,0,0,,,,,,0,0,0,0,0,0,/1
104,Carter Capps,23,MIA,17,0,0,0,0,0,0,0,0,0,0,0,0,,,,,,0,0,0,0,0,0,1
105,Buddy Carlyle*,36,NYM,27,1,1,0,1,0,0,0,0,0,0,0,0,1.000,1.000,1.000,2.000,480,1,0,0,0,0,0,1
106,David Carpenter,28,ATL,65,0,0,0,0,0,0,0,0,0,0,0,0,,,,,,0,0,0,0,0,0,1
107,Matt Carpenter*,28,STL,158,709,595,99,162,33,2,8,59,5,3,95,111,.272,.375,.375,.750,111,223,3,8,2,9,2,*5/9D
108,Andrew Cashner,27,SDP,23,42,35,3,6,1,1,0,2,0,0,1,14,.171,.194,.257,.452,31,9,0,0,6,0,0,1/7
109,Santiago Casilla,33,SFG,54,1,1,0,0,0,0,0,0,0,0,0,0,.000,.000,.000,.000,-100,0,0,0,0,0,0,1
110,Welington Castillo,27,CHC,110,417,380,28,90,19,0,13,46,0,0,26,102,.237,.296,.389,.686,89,148,7,7,2,2,0,2
111,Starlin Castro,24,CHC,134,569,528,58,154,33,1,14,65,4,4,35,100,.292,.339,.438,.777,114,231,18,4,0,2,4,*6
112,Ronny Cedeno,31,PHI,7,9,9,0,0,0,0,0,0,0,0,0,2,.000,.000,.000,.000,-100,0,0,0,0,0,0,/65
113,Xavier Cedeno*,27,WSN,9,0,0,0,0,0,0,0,0,0,0,0,0,,,,,,0,0,0,0,0,0,/1
114,Juan Centeno*,24,NYM,10,33,30,1,6,0,0,0,2,0,0,3,5,.200,.273,.200,.473,39,6,2,0,0,0,0,/2
115,Jhoulys Chacin,26,COL,12,17,15,2,5,1,0,0,0,0,0,1,4,.333,.375,.400,.775,106,6,0,0,1,0,0,1
116,Andrew Chafin,24,ARI,3,2,2,0,1,0,0,0,1,0,0,0,1,.500,.500,.500,1.000,180,1,0,0,0,0,0,/1
117,Aroldis Chapman*,26,CIN,54,0,0,0,0,0,0,0,0,0,0,0,0,,,,,,0,0,0,0,0,0,1
118,Tyler Chatwood,24,COL,4,10,10,0,1,0,0,0,0,0,0,0,5,.100,.100,.100,.200,-47,1,0,0,0,0,0,/1
119,Eric Chavez*,36,ARI,44,81,69,6,17,3,1,3,8,2,0,11,19,.246,.346,.449,.795,120,31,2,0,0,1,0,5/D
120,Randy Choate*,38,STL,61,0,0,0,0,0,0,0,0,0,0,0,0,,,,,,0,0,0,0,0,0,1
121,Nick Christiani,26,CIN,10,1,1,0,0,0,0,0,0,0,0,0,0,.000,.000,.000,.000,-100,0,0,0,0,0,0,1
122,Tony Cingrani*,24,CIN,13,22,21,0,3,0,0,0,0,0,0,0,5,.143,.143,.143,.286,-19,3,0,0,1,0,0,1
123,Steve Cishek,28,MIA,67,0,0,0,0,0,0,0,0,0,0,0,0,,,,,,0,0,0,0,0,0,1
124,Matt Clark*,27,MIL,16,31,27,4,5,0,0,3,7,0,0,2,8,.185,.226,.519,.744,100,14,1,0,0,2,2,/3
125,Tyler Clippard,29,WSN,75,0,0,0,0,0,0,0,0,0,0,0,0,,,,,,0,0,0,0,0,0,1
126,Chris Coghlan*,29,CHC,125,432,385,50,109,28,5,9,41,7,4,39,81,.283,.352,.452,.804,121,174,5,3,3,2,2,7/9D
127,Gerrit Cole,23,PIT,23,52,46,3,8,0,0,1,2,0,0,2,17,.174,.208,.239,.447,27,11,2,0,4,0,0,1
128,Josh Collmenter,28,ARI,33,58,54,2,6,2,0,0,2,0,0,3,15,.111,.158,.148,.306,-14,8,1,0,1,0,0,1
129,Bartolo Colon,41,NYM,31,69,62,3,2,1,0,0,0,0,0,0,33,.032,.032,.048,.081,-77,3,0,0,7,0,0,1
130,Tyler Colvin*,28,SFG,57,149,139,16,31,10,3,2,18,1,0,8,45,.223,.268,.381,.650,84,53,3,1,0,1,0,7/8
131,Brooks Conrad#,34,SDP,13,34,30,2,3,1,0,1,2,0,0,3,14,.100,.176,.233,.410,19,7,0,0,0,1,0,4
132,Jose Constanza*,30,ATL,12,4,4,1,0,0,0,0,0,0,0,0,1,.000,.000,.000,.000,-100,0,0,0,0,0,0,/79
133,Carlos Contreras,23,CIN,17,1,1,0,0,0,0,0,0,0,0,0,1,.000,.000,.000,.000,-100,0,0,0,0,0,0,1
134,Daniel Corcino,23,CIN,5,5,3,0,1,0,0,0,0,0,0,0,0,.333,.333,.333,.667,90,1,0,0,2,0,0,/1
135,Erik Cordier,28,SFG,7,0,0,0,0,0,0,0,0,0,0,0,0,,,,,,0,0,0,0,0,0,/1
136,Kevin Correia,33,LAD,9,6,6,1,2,0,0,0,0,0,0,0,2,.333,.333,.333,.667,92,2,0,0,0,0,0,/1
137,Jarred Cosart,24,MIA,10,21,18,1,4,0,0,0,0,0,0,0,7,.222,.222,.222,.444,24,4,1,0,3,0,0,1
138,Daniel Coulombe*,24,LAD,5,0,0,0,0,0,0,0,0,0,0,0,0,,,,,,0,0,0,0,0,0,/1
139,Zack Cozart,28,CIN,147,543,506,48,112,18,5,4,38,7,0,25,79,.221,.268,.300,.568,61,152,13,7,5,0,3,*6
140,Allen Craig,29,STL,97,398,367,34,87,17,1,7,44,1,1,26,77,.237,.291,.346,.638,78,127,11,3,0,2,0,937
141,Brandon Crawford*,27,SFG,153,564,491,54,121,20,10,10,69,5,3,59,129,.246,.324,.389,.713,104,191,4,2,2,10,10,*6
142,Carl Crawford*,32,LAD,105,370,343,56,103,14,3,8,46,23,6,16,55,.300,.339,.429,.767,118,147,5,6,0,4,0,7
143,Tony Cruz,27,STL,50,150,135,11,27,5,0,1,17,0,3,13,28,.200,.270,.259,.530,49,35,6,0,2,0,1,2/35
144,Michael Cuddyer,35,COL,49,205,190,32,63,15,1,10,31,3,0,14,30,.332,.376,.579,.955,149,110,5,0,0,1,0,93/5
145,Johnny Cueto,28,CIN,34,82,68,3,9,0,0,0,3,0,0,2,20,.132,.157,.132,.289,-17,9,1,0,12,0,0,1
146,Charlie Culberson,25,COL,95,233,210,17,41,7,2,3,24,2,2,12,62,.195,.253,.290,.544,44,61,6,5,4,2,2,564/3
147,Brandon Cumpton,25,PIT,16,20,17,1,2,0,0,0,1,0,0,1,7,.118,.167,.118,.284,-18,2,0,0,2,0,0,1
148,Chase d'Arnaud,27,PIT,8,0,0,2,0,0,0,0,0,0,2,0,0,,,,,,0,0,0,0,0,0,/6
149,Travis d'Arnaud,25,NYM,108,421,385,48,93,22,3,13,41,1,0,32,64,.242,.302,.416,.718,105,160,15,2,1,1,5,2/D
150,Ike Davis*,27,TOT,143,427,360,43,84,19,0,11,51,0,4,63,78,.233,.344,.378,.722,105,136,8,0,0,4,3,*3/D
151,Ike Davis*,27,NYM,12,30,24,4,5,1,0,1,5,0,0,6,4,.208,.367,.375,.742,115,9,0,0,0,0,0,/3
152,Ike Davis*,27,PIT,131,397,336,39,79,18,0,10,46,0,4,57,74,.235,.343,.378,.721,104,127,8,0,0,4,3,*3/D
153,Khris Davis,26,MIL,144,549,501,70,122,37,2,22,69,4,1,32,122,.244,.299,.457,.756,107,229,13,10,0,6,0,*7
154,Justin De Fratus#,26,PHI,54,1,1,0,0,0,0,0,0,0,0,0,1,.000,.000,.000,.000,-100,0,0,0,0,0,0,1
155,Eury De La Rosa*,24,ARI,25,3,2,0,0,0,0,0,0,0,0,0,2,.000,.000,.000,.000,-100,0,0,0,1,0,0,1
156,Jorge De La Rosa*,33,COL,32,67,60,5,9,0,0,0,1,0,0,1,26,.150,.164,.150,.314,-16,9,1,0,6,0,0,1
157,Jaff Decker*,24,PIT,5,5,5,0,0,0,0,0,0,0,0,0,3,.000,.000,.000,.000,-100,0,0,0,0,0,0,/7
158,Jacob deGrom*,26,NYM,23,53,46,3,10,2,0,0,2,0,0,1,13,.217,.234,.261,.495,43,12,2,0,6,0,0,1
159,Randall Delgado,24,ARI,47,11,9,0,1,0,0,0,0,0,0,0,4,.111,.111,.111,.222,-38,1,0,0,2,0,0,1
160,Matt den Dekker*,26,NYM,53,174,152,23,38,11,0,0,7,7,4,21,34,.250,.345,.322,.667,94,49,1,1,0,0,0,78/9
161,Ryan Dennick*,27,CIN,8,0,0,0,0,0,0,0,0,0,0,0,0,,,,,,0,0,0,0,0,0,/1
162,Chris Denorfia,33,SDP,89,268,248,25,60,10,3,1,16,8,1,18,51,.242,.293,.319,.612,79,79,4,0,2,0,0,978
163,Daniel Descalso*,27,STL,104,184,161,20,39,11,0,0,10,1,3,20,33,.242,.333,.311,.644,82,50,2,2,1,0,0,465/31
164,Anthony DeSclafani,24,MIA,13,11,10,1,1,0,0,0,2,0,0,1,3,.100,.182,.100,.282,-19,1,1,0,0,0,0,1
165,Ian Desmond,28,WSN,154,648,593,73,151,26,3,24,91,24,5,46,183,.255,.313,.430,.743,103,255,17,6,0,3,0,*6
166,Odrisamer Despaigne,27,SDP,16,28,24,0,0,0,0,0,0,0,0,1,10,.000,.040,.000,.040,-87,0,0,0,3,0,0,1
167,Ross Detwiler,28,WSN,47,4,2,1,0,0,0,0,0,0,0,1,1,.000,.333,.000,.333,2,0,0,0,1,0,0,1
168,Jumbo Diaz,30,CIN,36,0,0,0,0,0,0,0,0,0,0,0,0,,,,,,0,0,0,0,0,0,1
169,Corey Dickerson*,25,COL,131,478,436,74,136,27,6,24,76,8,7,37,101,.312,.364,.567,.931,142,247,6,1,0,4,6,7/8D
170,Jake Diekman*,27,PHI,73,0,0,0,0,0,0,0,0,0,0,0,0,,,,,,0,0,0,0,0,0,1
171,Derek Dietrich*,24,MIA,49,183,158,31,36,6,2,5,17,1,0,13,38,.228,.326,.386,.712,97,61,1,10,2,0,0,4/5
172,Greg Dobbs*,35,TOT,36,43,41,0,7,1,0,0,2,0,0,1,8,.171,.186,.195,.381,6,8,0,0,0,1,0,/3
173,Greg Dobbs*,35,MIA,15,13,13,0,1,0,0,0,0,0,0,0,4,.077,.077,.077,.154,-57,1,0,0,0,0,0,
174,Greg Dobbs*,35,WSN,21,30,28,0,6,1,0,0,2,0,0,1,4,.214,.233,.250,.483,34,7,0,0,0,1,0,/3
175,Chris Dominguez,27,SFG,8,18,17,1,1,0,0,1,2,0,0,1,4,.059,.111,.235,.346,-4,4,2,0,0,0,1,/75
176,Jose Dominguez,23,LAD,5,1,1,0,0,0,0,0,0,0,0,0,1,.000,.000,.000,.000,-100,0,0,0,0,0,0,/1
177,Felix Doubront*,26,CHC,4,8,7,0,1,0,0,0,0,0,0,1,5,.143,.250,.143,.393,13,1,0,0,0,0,0,/1
178,Ryan Doumit#,33,ATL,100,166,157,11,31,4,0,5,17,1,0,7,49,.197,.235,.318,.553,55,50,1,1,0,1,1,/79D2
179,Lucas Duda*,28,NYM,153,596,514,74,130,27,0,30,92,3,2,69,135,.253,.349,.481,.830,137,247,9,9,0,4,8,*3/D7
180,Matt Duffy,23,SFG,34,64,60,5,16,2,0,0,8,0,1,1,14,.267,.302,.300,.602,74,18,1,2,1,0,0,/465
181,Zach Duke*,31,MIL,74,2,1,0,0,0,0,0,0,0,0,0,1,.000,.000,.000,.000,-100,0,0,0,1,0,0,1
182,Mike Dunn*,29,MIA,75,0,0,0,0,0,0,0,0,0,0,0,0,,,,,,0,0,0,0,0,0,1
183,Jake Dunning,25,SFG,1,0,0,0,0,0,0,0,0,0,0,0,0,,,,,,0,0,0,0,0,0,/1
184,Adam Duvall,25,SFG,28,77,73,8,14,2,0,3,5,0,0,3,20,.192,.234,.342,.576,63,25,0,1,0,0,0,3/5D
185,Sam Dyson,26,MIA,31,1,1,0,0,0,0,0,0,0,0,0,0,.000,.000,.000,.000,-100,0,0,0,0,0,0,1
186,Josh Edgin,27,NYM,47,1,1,0,0,0,0,0,0,0,0,0,1,.000,.000,.000,.000,-100,0,0,0,0,0,0,1
187,Scott Elbert*,28,LAD,7,0,0,0,0,0,0,0,0,0,0,0,0,,,,,,0,0,0,0,0,0,/1
188,A.J. Ellis,33,LAD,93,347,283,21,54,9,0,3,25,0,0,53,57,.191,.323,.254,.577,68,72,15,4,3,4,5,2
189,Mark Ellis,37,STL,73,202,178,15,32,6,0,0,12,4,1,14,38,.180,.253,.213,.466,32,38,0,4,4,2,3,4/35
190,Jake Elmore,27,CIN,5,12,11,0,2,0,0,0,0,0,0,1,4,.182,.250,.182,.432,25,2,0,0,0,0,0,/64
191,Nathan Eovaldi,24,MIA,33,64,56,1,5,0,0,0,0,0,0,1,36,.089,.105,.089,.195,-45,5,0,0,7,0,0,1
192,Robbie Erlin,23,SDP,13,19,18,0,2,0,0,0,1,0,0,1,6,.111,.158,.111,.269,-19,2,0,0,0,0,0,1
193,Danny Espinosa#,27,WSN,114,364,333,31,73,14,3,8,27,8,1,18,122,.219,.283,.351,.634,74,117,5,12,0,1,5,46
194,Marco Estrada,30,MIL,39,40,32,0,3,0,0,0,2,0,0,3,13,.094,.171,.094,.265,-23,3,1,0,5,0,0,1
195,Andre Ethier*,32,LAD,130,380,341,29,85,17,6,4,42,2,2,31,74,.249,.322,.370,.691,97,126,5,6,1,1,3,879/3D
196,Nick Evans,28,ARI,18,23,22,2,6,2,0,2,7,0,0,1,10,.273,.304,.636,.941,154,14,0,0,0,0,0,/35D7
197,Dana Eveland*,30,NYM,30,0,0,0,0,0,0,0,0,0,0,0,0,,,,,,0,0,0,0,0,0,1
198,Irving Falu#,31,TOT,22,35,30,0,3,0,0,0,1,1,0,4,5,.100,.200,.100,.300,-10,3,2,0,0,1,1,4/56
199,Irving Falu#,31,MIL,11,12,10,0,0,0,0,0,1,0,0,1,1,.000,.083,.000,.083,-74,0,1,0,0,1,0,/56
200,Irving Falu#,31,SDP,11,23,20,0,3,0,0,0,0,1,0,3,4,.150,.261,.150,.411,24,3,1,0,0,0,1,4
201,Jeurys Familia,24,NYM,76,3,3,0,2,0,0,0,1,0,0,0,0,.667,.667,.667,1.333,287,2,0,0,0,0,0,1
202,Kyle Farnsworth,38,NYM,19,0,0,0,0,0,0,0,0,0,0,0,0,,,,,,0,0,0,0,0,0,1
203,Tim Federowicz,26,LAD,23,78,71,2,8,3,0,1,5,0,0,3,18,.113,.158,.197,.355,1,14,3,1,2,1,0,2
204,Jose Fernandez,21,MIA,8,18,16,1,2,0,0,0,1,0,0,0,6,.125,.125,.125,.250,-30,2,0,0,2,0,0,/1
205,Mike Fiers,29,MIL,14,26,19,0,1,0,0,0,0,0,0,0,11,.053,.053,.053,.105,-70,1,0,0,7,0,0,1
206,Stephen Fife,27,LAD,1,3,3,0,0,0,0,0,0,0,0,0,1,.000,.000,.000,.000,-100,0,0,0,0,0,0,/1
207,Alfredo Figaro,29,MIL,6,1,1,0,0,0,0,0,0,0,0,0,0,.000,.000,.000,.000,-100,0,0,0,0,0,0,/1
208,Chone Figgins#,36,LAD,38,76,60,8,13,3,0,0,1,4,1,14,15,.217,.373,.267,.640,87,16,0,1,1,0,0,5/467
209,Doug Fister*,30,WSN,26,62,52,3,4,1,0,0,0,0,0,1,21,.077,.094,.096,.190,-47,5,0,0,9,0,0,1
210,Yohan Flande*,28,COL,16,17,12,0,1,0,0,0,1,0,0,1,6,.083,.154,.083,.237,-35,1,0,0,4,0,0,1
211,Wilmer Flores,22,NYM,78,274,259,28,65,13,1,6,29,1,0,12,31,.251,.286,.378,.664,90,98,6,1,1,1,2,64/5
212,Gavin Floyd,31,ATL,9,18,18,0,2,0,0,0,0,0,0,0,12,.111,.111,.111,.222,-37,2,0,0,0,0,0,/1
213,Brian Flynn*,24,MIA,2,2,2,0,0,0,0,0,0,0,0,0,0,.000,.000,.000,.000,-100,0,0,0,0,0,0,/1
214,Eric Fornataro,26,STL,8,0,0,0,0,0,0,0,0,0,0,0,0,,,,,,0,0,0,0,0,0,/1
215,Jeff Francis*,33,CIN,1,1,1,0,0,0,0,0,0,0,0,0,1,.000,.000,.000,.000,-100,0,0,0,0,0,0,/1
216,Maikel Franco,21,PHI,16,58,56,5,10,2,0,0,5,0,0,1,13,.179,.190,.214,.404,13,12,1,0,0,1,0,5/3
217,Jeff Francoeur,30,SDP,10,28,24,2,2,0,0,0,1,0,0,3,7,.083,.179,.083,.262,-20,2,0,0,0,1,0,/9
218,Kevin Frandsen,32,WSN,105,236,220,17,57,8,0,1,17,0,0,6,26,.259,.299,.309,.608,69,68,7,7,2,1,0,754/3
219,Todd Frazier,28,CIN,157,660,597,88,163,22,1,29,80,20,8,52,139,.273,.336,.459,.795,123,274,9,7,0,4,2,*53
220,Freddie Freeman*,24,ATL,162,708,607,93,175,43,4,18,78,3,4,90,145,.288,.386,.461,.847,138,280,18,8,0,3,4,*3
221,Sam Freeman,27,STL,44,0,0,0,0,0,0,0,0,0,0,0,0,,,,,,0,0,0,0,0,0,1
222,Carlos Frias,24,LAD,15,7,7,0,0,0,0,0,0,0,0,0,4,.000,.000,.000,.000,-100,0,0,0,0,0,0,1
223,Christian Friedrich,26,COL,16,5,5,0,1,0,0,0,0,0,0,0,2,.200,.200,.200,.400,7,1,0,0,0,0,0,1
224,Ernesto Frieri,28,PIT,14,0,0,0,0,0,0,0,0,0,0,0,0,,,,,,0,0,0,0,0,0,1
225,Kyuji Fujikawa*,33,CHC,15,0,0,0,0,0,0,0,0,0,0,0,0,,,,,,0,0,0,0,0,0,1
226,Rafael Furcal#,36,MIA,9,37,35,4,6,0,1,0,2,0,0,2,7,.171,.216,.229,.445,24,8,1,0,0,0,0,/4
227,Yovani Gallardo,28,MIL,33,60,54,1,6,1,0,0,1,0,0,1,18,.111,.127,.130,.257,-28,7,1,0,5,0,0,1
228,Freddy Galvis#,24,PHI,43,128,119,14,21,3,1,4,12,1,0,8,30,.176,.227,.319,.546,51,38,0,0,0,1,0,65/4
229,Frank Garces*,24,SDP,15,0,0,0,0,0,0,0,0,0,0,0,0,,,,,,0,0,0,0,0,0,1
230,Greg Garcia*,24,STL,14,18,14,2,2,1,0,0,1,0,0,1,6,.143,.333,.214,.548,58,3,0,3,0,0,0,/46
231,Jaime Garcia*,27,STL,8,16,12,2,3,0,0,0,0,0,0,0,2,.250,.308,.250,.558,59,3,0,1,3,0,0,/1
232,Luis Garcia,27,PHI,13,0,0,0,0,0,0,0,0,0,0,0,0,,,,,,0,0,0,0,0,0,1
233,Yimi Garcia,23,LAD,8,1,1,0,0,0,0,0,0,0,0,0,0,.000,.000,.000,.000,-100,0,0,0,0,0,0,/1
234,Matt Garza,30,MIL,27,57,49,2,3,1,0,0,0,0,0,1,21,.061,.080,.082,.162,-55,4,0,0,7,0,0,1
235,Evan Gattis,27,ATL,108,401,369,41,97,17,1,22,52,0,0,22,97,.263,.317,.493,.810,125,182,9,8,0,2,3,2/D
236,Dillon Gee,28,NYM,22,43,38,1,1,0,0,0,1,0,0,2,17,.026,.075,.026,.101,-69,1,0,0,3,0,0,1
237,Scooter Gennett*,24,MIL,137,474,440,55,127,31,3,9,54,6,3,22,67,.289,.320,.434,.754,108,191,11,0,8,4,5,*4/9
238,Gonzalez Germen,26,NYM,25,1,1,0,0,0,0,0,0,0,0,0,1,.000,.000,.000,.000,-100,0,0,0,0,0,0,1
239,Ken Giles,23,PHI,44,0,0,0,0,0,0,0,0,0,0,0,0,,,,,,0,0,0,0,0,0,1
240,Caleb Gindl*,25,MIL,8,23,19,0,3,0,0,0,0,0,0,4,5,.158,.304,.158,.462,34,3,0,0,0,0,0,/9
241,Jake Goebbert*,26,SDP,51,115,101,12,22,1,3,1,10,2,1,12,32,.218,.313,.317,.630,85,32,0,2,0,0,3,3/7
242,Erik Goeddel,25,NYM,6,0,0,0,0,0,0,0,0,0,0,0,0,,,,,,0,0,0,0,0,0,/1
243,Paul Goldschmidt,26,ARI,109,479,406,75,122,39,1,19,69,9,3,64,110,.300,.396,.542,.938,158,220,10,2,0,3,10,*3
244,Carlos Gomez,28,MIL,148,644,574,95,163,34,4,23,73,34,12,47,141,.284,.356,.477,.833,130,274,10,19,1,3,0,*8/D
245,Hector Gomez,26,MIL,15,21,20,2,3,1,0,0,1,0,0,1,9,.150,.190,.200,.390,9,4,0,0,0,0,0,/654
246,Jeanmar Gomez,26,PIT,44,2,1,0,1,0,0,0,0,0,0,0,0,1.000,1.000,1.000,2.000,470,1,0,0,1,0,0,1
247,Marco Gonzales*,22,STL,10,12,10,1,3,2,0,0,0,0,0,0,2,.300,.300,.500,.800,119,5,0,0,2,0,0,1
248,Adrian Gonzalez*,32,LAD,159,660,591,83,163,41,0,27,116,1,1,56,112,.276,.335,.482,.817,130,285,13,2,0,11,9,*3/D
249,Carlos Gonzalez*,28,COL,70,281,260,35,62,15,1,11,38,3,0,19,70,.238,.292,.431,.723,89,112,7,1,0,1,2,79/D
250,Gio Gonzalez,28,WSN,27,52,46,3,4,1,0,1,2,0,0,0,26,.087,.087,.174,.261,-30,8,0,0,6,0,0,1
251,Miguel Gonzalez,27,PHI,6,0,0,0,0,0,0,0,0,0,0,0,0,,,,,,0,0,0,0,0,0,/1
252,Dee Gordon*,26,LAD,148,650,609,92,176,24,12,2,34,64,19,31,107,.289,.326,.378,.704,101,230,3,4,3,3,0,*4
253,Tom Gorzelanny,31,MIL,23,1,1,0,0,0,0,0,0,0,0,0,1,.000,.000,.000,.000,-100,0,0,0,0,0,0,1
254,Tuffy Gosewisch,30,ARI,41,132,129,6,29,8,0,1,7,0,0,3,24,.225,.242,.310,.553,53,40,6,0,0,0,0,2
255,Philip Gosselin,25,ATL,46,136,128,17,34,4,0,1,3,2,2,5,27,.266,.304,.320,.624,77,41,1,2,1,0,0,4/567
256,Yasmani Grandal#,25,SDP,128,443,377,47,85,19,1,15,49,3,0,58,115,.225,.327,.401,.728,112,151,7,2,0,6,1,23/D
257,Curtis Granderson*,33,NYM,155,654,564,73,128,27,2,20,66,8,2,79,141,.227,.326,.388,.714,105,219,1,6,0,5,1,*987
258,Nick Greenwood,26,STL,19,6,5,0,0,0,0,0,0,0,0,0,0,.000,.000,.000,.000,-100,0,0,0,1,0,0,1
259,Kevin Gregg,36,MIA,12,0,0,0,0,0,0,0,0,0,0,0,0,,,,,,0,0,0,0,0,0,1
260,Didi Gregorius*,24,ARI,80,299,270,35,61,9,5,6,27,3,0,22,52,.226,.290,.363,.653,81,98,1,3,2,2,3,64/5
261,Zack Greinke,30,LAD,32,69,60,5,12,6,0,1,3,0,0,5,11,.200,.262,.350,.612,73,21,0,0,4,0,0,1
262,Randal Grichuk,22,STL,47,116,110,11,27,6,1,3,8,0,2,5,31,.245,.278,.400,.678,87,44,4,0,1,0,0,9/87
263,Jason Grilli,37,PIT,22,0,0,0,0,0,0,0,0,0,0,0,0,,,,,,0,0,0,0,0,0,1
264,Justin Grimm,25,CHC,73,2,2,0,0,0,0,0,0,0,0,0,2,.000,.000,.000,.000,-100,0,0,0,0,0,0,1
265,Alex Guerrero,27,LAD,11,13,13,0,1,0,0,0,0,0,0,0,6,.077,.077,.077,.154,-56,1,0,0,0,0,0,/7
266,J.C. Gutierrez,30,SFG,61,1,1,0,0,0,0,0,0,0,0,0,1,.000,.000,.000,.000,-100,0,0,0,0,0,0,1
267,Tony Gwynn*,31,PHI,80,127,105,14,16,2,1,0,3,3,0,15,23,.152,.264,.190,.455,31,20,0,1,6,0,1,87/9
268,Jedd Gyorko,25,SDP,111,443,400,37,84,17,1,10,51,3,2,36,100,.210,.280,.333,.612,79,133,8,4,0,3,1,*4
269,Bradin Hagens,25,ARI,2,0,0,0,0,0,0,0,0,0,0,0,0,,,,,,0,0,0,0,0,0,/1
270,Matt Hague,28,PIT,3,2,2,0,0,0,0,0,0,0,0,0,1,.000,.000,.000,.000,-100,0,1,0,0,0,0,
271,Jesse Hahn,24,SDP,15,24,22,1,2,0,0,0,1,0,0,0,12,.091,.091,.091,.182,-47,2,0,0,2,0,0,1
272,Scott Hairston,34,WSN,61,87,77,6,16,4,0,1,8,0,0,4,26,.208,.253,.299,.552,52,23,2,2,0,4,0,7/D9
273,David Hale,26,ATL,45,19,17,1,1,0,0,0,1,0,0,0,8,.059,.056,.059,.114,-68,1,0,0,1,1,0,1
274,Cole Hamels*,30,PHI,30,69,62,1,13,2,0,0,0,0,0,0,28,.210,.210,.242,.452,27,15,0,0,7,0,0,1
275,Billy Hamilton#,23,CIN,152,611,563,72,141,25,8,6,48,56,23,34,117,.250,.292,.355,.648,83,200,1,1,9,4,0,*8
276,Jason Hammel,31,CHC,17,39,35,2,5,0,0,0,3,0,0,1,14,.143,.167,.143,.310,-13,5,1,0,3,0,0,1
277,Brad Hand*,24,MIA,32,31,27,0,1,0,0,0,1,0,0,0,7,.037,.037,.037,.074,-79,1,0,0,4,0,0,1
278,Jack Hannahan*,34,CIN,26,50,48,3,9,3,0,0,2,0,0,2,17,.188,.220,.250,.470,33,12,2,0,0,0,0,3/D
279,Aaron Harang,36,ATL,33,71,61,2,5,0,0,0,1,0,0,1,29,.082,.097,.082,.179,-49,5,2,0,9,0,0,1
280,Dan Haren,33,LAD,32,60,54,2,10,1,0,0,5,0,0,3,20,.185,.228,.204,.432,25,11,1,0,3,0,0,1
281,Bryce Harper*,21,WSN,100,395,352,41,96,10,2,13,32,2,2,38,104,.273,.344,.423,.768,111,149,6,1,3,1,4,79/8
282,Will Harris,29,ARI,29,0,0,0,0,0,0,0,0,0,0,0,0,,,,,,0,0,0,0,0,0,1
283,Josh Harrison,26,PIT,143,550,520,77,164,38,7,13,52,18,7,22,81,.315,.347,.490,.837,134,255,6,4,2,2,1,5794/6
284,Chris Hatcher#,29,MIA,52,1,1,0,0,0,0,0,0,0,0,0,0,.000,.000,.000,.000,-100,0,0,0,0,0,0,1
285,LaTroy Hawkins,41,COL,57,1,1,0,0,0,0,0,0,0,0,0,1,.000,.000,.000,.000,-100,0,0,0,0,0,0,1
286,Chase Headley#,30,SDP,77,307,279,27,64,12,1,7,32,4,1,22,73,.229,.296,.355,.651,90,99,12,5,0,1,0,5
287,Andrew Heaney*,23,MIA,7,9,8,0,1,0,0,0,0,0,0,0,2,.125,.125,.125,.250,-30,1,0,0,1,0,0,/1
288,Adeiny Hechavarria,25,MIA,146,574,536,53,148,20,10,1,34,7,5,26,86,.276,.308,.356,.664,84,191,21,1,4,6,5,*6
289,Chris Heisey,29,CIN,119,299,275,34,61,15,2,8,22,9,2,15,64,.222,.265,.378,.643,80,104,3,2,5,2,0,789
290,Jim Henderson*,31,MIL,14,0,0,0,0,0,0,0,0,0,0,0,0,,,,,,0,0,0,0,0,0,1
291,Kyle Hendricks,24,CHC,14,30,24,1,3,0,0,0,1,0,0,3,11,.125,.222,.125,.347,-0,3,0,0,3,0,0,1
292,Cesar Hernandez#,24,PHI,66,125,114,13,27,2,0,1,4,1,1,9,33,.237,.290,.281,.571,62,32,1,0,1,1,1,54/6
293,Enrique Hernandez,22,MIA,18,45,40,3,7,2,1,2,6,0,0,4,10,.175,.267,.425,.692,88,17,1,1,0,0,0,/8459
294,Pedro Hernandez*,25,COL,1,2,2,0,0,0,0,0,0,0,0,0,2,.000,.000,.000,.000,-100,0,0,0,0,0,0,/1
295,Roberto Hernandez,33,TOT,32,58,49,1,4,0,0,0,2,0,0,0,24,.082,.082,.082,.163,-54,4,0,0,9,0,0,1
296,Roberto Hernandez,33,PHI,23,43,36,0,2,0,0,0,1,0,0,0,17,.056,.056,.056,.111,-69,2,0,0,7,0,0,1
297,Roberto Hernandez,33,LAD,9,15,13,1,2,0,0,0,1,0,0,0,7,.154,.154,.154,.308,-12,2,0,0,2,0,0,/1
298,Dilson Herrera,20,NYM,18,66,59,6,13,0,1,3,11,0,0,7,17,.220,.303,.407,.710,103,24,3,0,0,0,0,4
299,Elian Herrera#,29,MIL,69,140,135,14,37,7,1,0,5,4,1,3,36,.274,.288,.341,.629,75,46,1,0,1,1,1,965/487
300,Chris Heston,26,SFG,3,1,1,0,0,0,0,0,0,0,0,0,1,.000,.000,.000,.000,-100,0,0,0,0,0,0,/1
301,Jason Heyward*,24,ATL,149,649,573,74,155,26,3,11,58,20,4,67,98,.271,.351,.384,.735,108,220,2,6,0,3,3,*9
302,Brandon Hicks,28,SFG,71,242,204,27,33,6,1,8,22,0,1,32,77,.162,.280,.319,.599,72,65,5,2,3,1,3,4/37
303,Aaron Hill,32,ARI,133,541,501,52,122,26,3,10,60,4,3,28,92,.244,.287,.367,.654,81,184,16,5,0,7,0,*4/5D
304,Koyie Hill#,35,PHI,10,22,21,2,5,1,0,0,1,0,0,1,5,.238,.273,.286,.558,57,6,0,0,0,0,0,2
305,Taylor Hill,25,WSN,3,3,3,0,1,0,0,0,0,0,0,0,0,.333,.333,.333,.667,85,1,0,0,0,0,0,/1
306,John Holdzkom,26,PIT,9,0,0,0,0,0,0,0,0,0,0,0,0,,,,,,0,0,0,0,0,0,/1
307,Mario Hollands*,25,PHI,50,0,0,0,0,0,0,0,0,0,0,0,0,,,,,,0,0,0,0,0,0,1
308,Matt Holliday,34,STL,156,667,574,83,156,37,0,20,90,4,1,74,100,.272,.370,.441,.811,126,253,20,17,0,2,4,*7/D
309,David Holmberg,22,CIN,7,7,5,0,0,0,0,0,0,0,0,0,2,.000,.000,.000,.000,-100,0,0,0,2,0,0,/1
310,J.J. Hoover,26,CIN,54,1,0,1,0,0,0,0,0,0,0,1,0,,1.000,,,,0,0,0,0,0,0,1
311,Ryan Howard*,34,PHI,153,648,569,65,127,18,1,23,95,0,0,67,190,.223,.310,.380,.690,93,216,10,7,0,5,7,*3/D
312,J.P. Howell*,31,LAD,68,0,0,0,0,0,0,0,0,0,0,0,0,,,,,,0,0,0,0,0,0,1
313,Daniel Hudson,27,ARI,3,0,0,0,0,0,0,0,0,0,0,0,0,,,,,,0,0,0,0,0,0,/1
314,Tim Hudson,38,SFG,31,62,53,0,2,0,0,0,1,0,0,2,20,.038,.089,.038,.127,-62,2,4,1,6,0,0,1
315,David Huff#,29,SFG,16,3,3,1,1,0,0,0,0,0,0,0,2,.333,.333,.333,.667,93,1,0,0,0,0,0,1
316,Jared Hughes,28,PIT,63,2,2,0,0,0,0,0,0,0,0,0,1,.000,.000,.000,.000,-100,0,0,0,0,0,0,1
317,Nick Hundley,30,SDP,33,59,59,1,16,3,0,1,3,0,0,0,13,.271,.271,.373,.644,86,22,1,0,0,0,0,2
318,Ender Inciarte*,23,ARI,118,447,418,54,116,18,2,4,27,19,3,25,53,.278,.318,.359,.677,89,150,3,0,4,0,0,*87/9
319,Travis Ishikawa*,30,TOT,62,119,107,9,27,4,1,3,18,0,0,9,34,.252,.311,.393,.703,100,42,3,1,0,2,1,3/7
320,Travis Ishikawa*,30,PIT,15,38,34,2,7,1,1,1,3,0,0,3,11,.206,.263,.382,.646,80,13,2,0,0,1,0,3
321,Travis Ishikawa*,30,SFG,47,81,73,7,20,3,0,2,15,0,0,6,23,.274,.333,.397,.731,109,29,1,1,0,1,1,3/7
322,Brett Jackson*,25,ARI,7,5,4,0,0,0,0,0,0,0,0,1,1,.000,.200,.000,.200,-38,0,0,0,0,0,0,/98
323,Edwin Jackson,30,CHC,29,44,40,2,7,2,0,0,0,0,0,0,21,.175,.175,.225,.400,10,9,0,0,4,0,0,1
324,Juan Jaime,26,ATL,16,0,0,0,0,0,0,0,0,0,0,0,0,,,,,,0,0,0,0,0,0,1
325,Kenley Jansen#,26,LAD,68,1,1,0,0,0,0,0,0,0,0,0,1,.000,.000,.000,.000,-100,0,0,0,0,0,0,1
326,Jon Jay*,29,STL,140,468,413,52,125,16,3,3,46,6,3,28,78,.303,.372,.378,.750,111,156,17,20,3,4,3,*897
327,Jeremy Jeffress,26,MIL,29,0,0,0,0,0,0,0,0,0,0,0,0,,,,,,0,0,0,0,0,0,1
328,Dan Jennings*,27,MIA,47,0,0,0,0,0,0,0,0,0,0,0,0,,,,,,0,0,0,0,0,0,1
329,Cesar Jimenez*,29,PHI,16,1,1,0,0,0,0,0,0,0,0,0,1,.000,.000,.000,.000,-100,0,0,0,0,0,0,1
330,Chris Johnson,29,ATL,153,611,582,43,153,27,0,10,58,6,0,23,159,.263,.292,.361,.653,83,210,23,2,2,2,2,*5/3
331,Reed Johnson,37,MIA,113,201,187,24,44,15,0,2,25,0,1,1,37,.235,.266,.348,.614,69,65,4,8,2,3,0,79/D8
332,Eric Jokisch,24,CHC,4,5,3,0,0,0,0,0,0,0,0,0,1,.000,.000,.000,.000,-100,0,0,0,2,0,0,/1
333,Garrett Jones*,33,MIA,146,547,496,59,122,33,2,15,53,0,1,46,116,.246,.309,.411,.720,98,204,10,1,0,4,4,*3/9
334,Taylor Jordan,25,WSN,5,8,8,1,1,0,0,0,0,0,0,0,4,.125,.125,.125,.250,-31,1,0,0,0,0,0,/1
335,Jair Jurrjens,28,COL,2,2,1,0,0,0,0,0,0,0,1,0,0,.000,.000,.000,.000,-100,0,0,0,1,0,0,/1
336,Tommy Kahnle,24,COL,54,4,3,0,0,0,0,0,0,0,0,0,1,.000,.000,.000,.000,-100,0,0,0,1,0,0,1
337,Ryan Kalish*,26,CHC,57,130,121,13,30,4,4,0,5,3,2,8,28,.248,.295,.347,.642,78,42,3,0,1,0,1,789
338,Joe Kelly,26,STL,7,14,12,0,2,1,0,0,0,0,0,0,1,.167,.231,.250,.481,35,3,0,1,1,0,0,/1
339,Matt Kemp,29,LAD,150,599,541,77,155,38,3,25,89,8,5,52,145,.287,.346,.506,.852,140,274,21,0,0,6,3,*978/D
340,Kyle Kendrick,29,PHI,32,71,66,2,9,1,0,0,1,0,0,1,31,.136,.149,.152,.301,-15,10,2,0,4,0,0,1
341,Ian Kennedy,29,SDP,33,63,52,3,6,1,0,1,5,0,0,5,24,.115,.193,.192,.385,13,10,0,0,6,0,0,1
342,Clayton Kershaw*,26,LAD,27,74,63,5,11,0,1,0,3,1,0,4,23,.175,.235,.206,.442,28,13,1,1,6,0,0,1
343,Mike Kickham*,25,SFG,2,0,0,0,0,0,0,0,0,0,0,0,0,,,,,,0,0,0,0,0,0,/1
344,Roger Kieschnick*,27,ARI,25,41,41,2,8,1,0,1,2,0,0,0,16,.195,.195,.293,.488,34,12,0,0,0,0,0,/79
345,Craig Kimbrel,26,ATL,63,0,0,0,0,0,0,0,0,0,0,0,0,,,,,,0,0,0,0,0,0,1
346,Brandon Kintzler,29,MIL,64,0,0,0,0,0,0,0,0,0,0,0,0,,,,,,0,0,0,0,0,0,1
347,Jeff Kobernus,26,WSN,4,8,6,2,0,0,0,0,0,0,0,1,1,.000,.250,.000,.250,-23,0,0,1,0,0,0,/4
348,Tom Koehler,28,MIA,32,59,50,0,3,0,0,0,0,0,0,1,27,.060,.078,.060,.138,-61,3,2,0,8,0,0,1
349,George Kontos,29,SFG,24,2,1,0,0,0,0,0,0,0,0,0,0,.000,.000,.000,.000,-100,0,0,0,1,0,0,1
350,George Kottaras*,31,STL,4,6,5,0,1,0,0,0,1,0,0,1,2,.200,.333,.200,.533,54,1,0,0,0,0,0,/2
351,Pete Kozma,26,STL,14,26,23,4,7,3,0,0,0,0,0,3,4,.304,.385,.435,.819,129,10,0,0,0,0,0,/64
352,Tommy La Stella*,25,ATL,93,360,319,22,80,16,1,1,31,2,1,36,40,.251,.328,.317,.644,83,101,8,1,3,1,2,4/D
353,John Lackey,35,STL,10,19,15,1,2,0,0,0,0,0,0,0,5,.133,.133,.133,.267,-25,2,0,0,4,0,0,1
354,Bobby LaFromboise*,28,PIT,6,0,0,0,0,0,0,0,0,0,0,0,0,,,,,,0,0,0,0,0,0,/1
355,Juan Lagares,25,NYM,116,452,416,46,117,24,3,4,47,13,4,20,87,.281,.321,.382,.703,102,159,6,7,3,6,1,*8
356,Gerald Laird,34,ATL,53,167,152,12,31,8,0,0,10,0,0,14,33,.204,.275,.257,.532,52,39,6,1,0,0,2,2
357,Junior Lake,24,CHC,108,326,308,30,65,10,3,9,25,7,3,14,110,.211,.246,.351,.597,63,108,3,1,1,2,0,78/9
358,Jake Lamb*,23,ARI,37,133,126,15,29,4,1,4,11,1,1,6,37,.230,.263,.373,.636,75,47,4,0,0,1,0,5
359,Andrew Lambo*,25,PIT,21,39,39,3,10,4,0,0,1,0,0,0,8,.256,.256,.359,.615,72,14,2,0,0,0,0,/93
360,Jason Lane,37,SDP,3,3,3,0,1,0,0,0,0,0,0,0,0,.333,.333,.333,.667,96,1,0,0,0,0,0,/1
361,John Lannan*,29,NYM,5,0,0,0,0,0,0,0,0,0,0,0,0,,,,,,0,0,0,0,0,0,/1
362,Adam LaRoche*,34,WSN,140,586,494,73,128,19,0,26,92,3,0,82,108,.259,.362,.455,.817,124,225,13,2,0,8,9,*3/D
363,Mat Latos,26,CIN,16,32,30,2,3,0,0,0,1,0,0,1,12,.100,.129,.100,.229,-34,3,1,0,1,0,0,1
364,Brandon League,31,LAD,63,2,2,0,0,0,0,0,0,0,0,0,1,.000,.000,.000,.000,-100,0,0,0,0,0,0,1
365,Mike Leake,26,CIN,40,74,68,9,12,5,0,2,5,0,0,0,34,.176,.188,.338,.527,46,23,1,1,5,0,0,1
366,Sam LeCure,30,CIN,62,0,0,0,0,0,0,0,0,0,0,0,0,,,,,,0,0,0,0,0,0,1
367,Cliff Lee*,35,PHI,13,25,24,2,6,0,0,0,1,0,0,0,9,.250,.250,.250,.500,41,6,0,0,1,0,0,1
368,DJ LeMahieu,25,COL,149,538,494,59,132,15,5,5,42,10,10,33,97,.267,.315,.348,.663,76,172,13,2,7,2,7,*4/536
369,Sandy Leon#,25,WSN,20,70,64,7,10,1,0,1,3,0,0,6,20,.156,.229,.219,.447,25,14,1,0,0,0,0,2
370,Tim Lincecum*,30,SFG,34,53,44,2,3,0,0,0,1,0,0,4,26,.068,.146,.068,.214,-36,3,1,0,5,0,0,1
371,Brad Lincoln*,29,PHI,2,0,0,0,0,0,0,0,0,0,0,0,0,,,,,,0,0,0,0,0,0,/1
372,Francisco Liriano*,30,PIT,29,52,45,1,5,0,0,0,0,0,0,2,14,.111,.149,.111,.260,-25,5,1,0,5,0,0,1
373,Rymer Liriano,23,SDP,38,121,109,13,24,2,0,1,6,4,1,9,39,.220,.289,.266,.555,64,29,6,2,0,1,1,9
374,Jose Lobaton#,29,WSN,66,230,214,18,50,9,0,2,12,0,0,15,61,.234,.287,.304,.591,64,65,5,1,0,0,1,2
375,Jeff Locke*,26,PIT,21,50,45,3,5,0,0,0,0,0,0,2,30,.111,.149,.111,.260,-25,5,0,0,3,0,0,1
376,Boone Logan,29,COL,35,0,0,0,0,0,0,0,0,0,0,0,0,,,,,,0,0,0,0,0,0,1
377,Kyle Lohse,35,MIL,31,74,61,2,7,0,0,0,5,0,0,2,23,.115,.154,.115,.269,-24,7,1,1,9,1,0,1
378,Javier Lopez*,36,SFG,65,0,0,0,0,0,0,0,0,0,0,0,0,,,,,,0,0,0,0,0,0,1
379,Rafael Lopez*,26,CHC,7,14,11,0,2,0,0,0,1,0,0,2,4,.182,.286,.182,.468,34,2,0,0,0,1,0,/2
380,Wilton Lopez,30,COL,4,0,0,0,0,0,0,0,0,0,0,0,0,,,,,,0,0,0,0,0,0,/1
381,Ed Lucas,32,MIA,69,189,179,19,45,5,0,1,9,1,0,8,48,.251,.283,.296,.580,61,53,4,0,2,0,0,46/3579
382,Jonathan Lucroy,28,MIL,153,655,585,73,176,53,2,13,69,4,4,66,71,.301,.373,.465,.837,132,272,13,2,0,2,3,*23/D
383,Ryan Ludwick,35,CIN,112,400,357,28,87,20,0,9,45,0,2,31,94,.244,.308,.375,.683,93,134,6,4,1,4,1,7/D
384,Donald Lutz*,25,CIN,28,54,51,2,9,4,0,0,1,0,0,3,19,.176,.222,.255,.477,35,13,0,0,0,0,1,/379D
385,Jordan Lyles,23,COL,23,52,48,4,9,3,0,1,3,0,0,3,21,.188,.235,.313,.548,44,15,3,0,1,0,0,1
386,Lance Lynn,27,STL,33,69,60,5,4,1,0,0,1,0,0,4,34,.067,.138,.083,.222,-36,5,1,1,4,0,0,1
387,Tyler Lyons#,26,STL,11,9,7,0,0,0,0,0,0,0,0,2,5,.000,.222,.000,.222,-31,0,1,0,0,0,0,1
388,Jean Machi,32,SFG,71,2,1,0,0,0,0,0,0,0,0,0,0,.000,.000,.000,.000,-100,0,0,0,1,0,0,1
389,Paul Maholm*,32,LAD,30,16,9,1,0,0,0,0,0,0,0,2,6,.000,.182,.000,.182,-42,0,0,0,5,0,0,1
390,Martin Maldonado,27,MIL,52,126,111,14,26,5,0,4,16,0,0,11,32,.234,.320,.387,.707,96,43,4,3,1,0,1,2/31
391,Seth Maness,25,STL,73,5,5,0,2,0,0,0,0,0,0,0,0,.400,.400,.400,.800,125,2,0,0,0,0,0,1
392,Jeff Manship,29,PHI,20,2,2,0,0,0,0,0,0,0,0,0,0,.000,.000,.000,.000,-100,0,0,0,0,0,0,1
393,Jake Marisnick,23,MIA,14,51,48,3,8,0,0,0,0,5,0,3,19,.167,.216,.167,.382,8,8,0,0,0,0,1,8
394,Carlos Marmol,31,MIA,15,0,0,0,0,0,0,0,0,0,0,0,0,,,,,,0,0,0,0,0,0,1
395,Evan Marshall,24,ARI,57,0,0,0,0,0,0,0,0,0,0,0,0,,,,,,0,0,0,0,0,0,1
396,Sean Marshall*,31,CIN,15,0,0,0,0,0,0,0,0,0,0,0,0,,,,,,0,0,0,0,0,0,1
397,Alfredo Marte,25,ARI,44,114,106,8,18,5,1,2,9,1,0,6,34,.170,.221,.292,.514,42,31,2,1,1,0,0,7/9D
398,Andy Marte,30,ARI,6,16,16,1,3,0,0,1,3,0,0,0,3,.188,.188,.375,.563,52,6,0,0,0,0,0,/5
399,Starling Marte,25,PIT,135,545,495,73,144,29,6,13,56,30,11,33,131,.291,.356,.453,.808,128,224,5,17,0,0,0,*78
400,Chris Martin,28,COL,16,0,0,0,0,0,0,0,0,0,0,0,0,,,,,,0,0,0,0,0,0,1
401,Ethan Martin,25,PHI,2,0,0,0,0,0,0,0,0,0,0,0,0,,,,,,0,0,0,0,0,0,/1
402,Russell Martin,31,PIT,111,460,379,45,110,20,0,11,67,4,4,59,78,.290,.402,.430,.832,136,163,16,15,2,5,5,2/D
403,Carlos Martinez,22,STL,57,13,12,0,3,0,0,0,2,0,0,0,4,.250,.250,.250,.500,41,3,0,0,1,0,0,1
404,Michael Martinez#,31,PIT,26,44,39,2,5,1,0,0,2,0,0,4,13,.128,.209,.154,.363,5,6,0,0,1,0,1,/4789
405,Nick Masset,32,COL,51,0,0,0,0,0,0,0,0,0,0,0,0,,,,,,0,0,0,0,0,0,1
406,Justin Masterson,29,STL,9,9,8,1,2,0,0,0,1,0,0,0,3,.250,.250,.250,.500,41,2,0,0,1,0,0,/1
407,Jeff Mathis,31,MIA,64,195,175,12,35,7,0,2,12,0,0,15,64,.200,.263,.274,.537,50,48,2,0,5,0,2,2
408,Daisuke Matsuzaka,33,NYM,34,17,11,0,2,0,0,0,1,0,0,1,6,.182,.250,.182,.432,27,2,0,0,5,0,0,1
409,Ryan Mattheus,30,WSN,7,0,0,0,0,0,0,0,0,0,0,0,0,,,,,,0,0,0,0,0,0,/1
410,Tyler Matzek*,23,COL,21,43,38,2,7,1,0,0,0,0,0,2,13,.184,.225,.211,.436,17,8,1,0,3,0,0,1
411,John Mayberry,30,PHI,63,138,122,11,26,7,0,6,21,0,0,15,30,.213,.304,.418,.722,101,51,1,1,0,0,0,378/9
412,Cameron Maybin,27,SDP,95,272,251,24,59,13,4,1,15,4,3,19,56,.235,.290,.331,.621,81,83,8,1,0,1,2,8
413,Vin Mazzaro,27,PIT,5,1,1,0,0,0,0,0,0,0,0,0,0,.000,.000,.000,.000,-100,0,0,0,0,0,0,/1
414,Matt McBride,29,COL,21,34,31,6,7,2,0,2,6,0,0,2,12,.226,.294,.484,.778,102,15,0,1,0,0,0,/397
415,Brandon McCarthy,30,ARI,18,32,29,0,4,0,0,0,3,0,0,0,11,.138,.138,.138,.276,-23,4,0,0,3,0,0,1
416,Andrew McCutchen,27,PIT,146,648,548,89,172,38,6,25,83,18,3,84,115,.314,.410,.542,.952,168,297,9,10,0,6,8,*8
417,Casey McGehee,31,MIA,160,691,616,56,177,29,1,4,76,4,2,67,102,.287,.355,.357,.712,99,220,31,1,0,7,3,*5/D
418,Michael McKenry,29,COL,57,192,168,23,53,9,0,8,22,0,3,22,42,.315,.398,.512,.910,139,86,6,1,1,0,1,2
419,Nate McLouth*,32,WSN,79,162,139,10,24,6,0,1,7,4,1,16,35,.173,.280,.237,.517,45,33,0,5,1,1,1,79/8
420,Tommy Medica,26,SDP,102,259,240,31,56,11,2,9,27,6,1,14,75,.233,.286,.408,.694,100,98,5,4,0,1,0,37/D
421,Jenrry Mejia,24,NYM,63,18,17,0,0,0,0,0,0,0,0,0,7,.000,.000,.000,.000,-100,0,0,0,1,0,0,1
422,Mark Melancon,29,PIT,72,0,0,0,0,0,0,0,0,0,0,0,0,,,,,,0,0,0,0,0,0,1
423,Jordy Mercer,27,PIT,149,555,506,56,129,27,2,12,55,4,1,35,89,.255,.305,.387,.693,95,196,14,4,5,5,12,*6/9
424,Devin Mesoraco,26,CIN,114,440,384,54,105,25,0,25,80,1,3,41,103,.273,.359,.534,.893,149,205,5,12,0,3,4,*2/D
425,Wade Miley*,27,ARI,33,69,57,3,9,0,0,0,1,0,0,3,14,.158,.200,.158,.358,2,9,0,0,9,0,0,1
426,Shelby Miller,23,STL,32,63,48,6,9,5,0,0,4,0,0,2,25,.188,.220,.292,.512,42,14,1,0,13,0,0,1
427,Mike Minor,26,ATL,25,48,45,4,7,1,0,1,4,0,0,1,16,.156,.174,.244,.418,17,11,0,0,2,0,0,1
428,Yadier Molina,31,STL,110,445,404,40,114,21,0,7,38,1,1,28,55,.282,.333,.386,.719,101,156,14,6,1,6,4,2/D3
429,Miguel Montero*,30,ARI,136,560,489,40,119,23,0,13,72,0,4,56,97,.243,.329,.370,.699,95,181,12,9,0,6,11,*2/D
430,Rafael Montero,23,NYM,10,13,11,0,0,0,0,0,0,0,0,0,5,.000,.000,.000,.000,-100,0,0,0,2,0,0,1
431,Adam Moore,30,SDP,9,12,10,1,2,1,0,0,1,0,0,2,5,.200,.333,.300,.633,87,3,0,0,0,0,1,/2
432,Tyler Moore,27,WSN,42,100,91,8,21,2,0,4,14,0,0,7,29,.231,.300,.385,.685,88,35,2,2,0,0,0,3/7
433,Franklin Morales*,28,COL,38,39,30,2,3,0,0,0,0,0,0,3,15,.100,.182,.100,.282,-23,3,0,0,6,0,0,1
434,Brent Morel,27,PIT,23,41,39,1,7,2,0,0,4,0,0,2,9,.179,.220,.231,.450,28,9,1,0,0,0,1,5/3
435,Justin Morneau*,33,COL,135,550,502,62,160,32,3,17,82,0,3,34,60,.319,.364,.496,.860,125,249,7,6,0,8,4,*3/D
436,Bryan Morris*,27,TOT,60,1,1,0,0,0,0,0,0,0,0,0,1,.000,.000,.000,.000,-100,0,0,0,0,0,0,1
437,Bryan Morris*,27,PIT,21,1,1,0,0,0,0,0,0,0,0,0,1,.000,.000,.000,.000,-100,0,0,0,0,0,0,1
438,Bryan Morris*,27,MIA,39,0,0,0,0,0,0,0,0,0,0,0,0,,,,,,0,0,0,0,0,0,1
439,Mike Morse,32,SFG,131,482,438,48,122,32,3,16,61,0,0,31,121,.279,.336,.475,.811,130,208,19,9,0,4,0,73/D
440,Charlie Morton,30,PIT,26,49,40,1,2,0,0,0,1,0,0,1,21,.050,.073,.050,.123,-64,2,2,0,8,0,0,1
441,Jason Motte,32,STL,29,0,0,0,0,0,0,0,0,0,0,0,0,,,,,,0,0,0,0,0,0,1
442,Daniel Murphy*,29,NYM,143,642,596,79,172,37,2,9,57,13,5,39,86,.289,.332,.403,.734,111,240,15,2,0,5,3,*45/3
443,Xavier Nady,35,SDP,22,42,37,4,5,1,0,3,4,0,0,5,9,.135,.238,.405,.644,84,15,4,0,0,0,0,/973
444,Kristopher Negron,28,CIN,49,158,144,19,39,10,1,6,17,5,0,12,40,.271,.331,.479,.810,127,69,2,1,1,0,0,54/67
445,Chris Nelson,28,SDP,27,81,73,5,17,3,0,0,7,1,2,7,14,.233,.296,.274,.570,68,20,5,0,0,1,1,5/43
446,Jimmy Nelson,25,MIL,14,22,21,1,3,1,0,0,0,0,0,0,7,.143,.143,.190,.333,-8,4,1,0,1,0,0,1
447,Hector Neris,25,PHI,1,0,0,0,0,0,0,0,0,0,0,0,0,,,,,,0,0,0,0,0,0,/1
448,Pat Neshek#,33,STL,71,0,0,0,0,0,0,0,0,0,0,0,0,,,,,,0,0,0,0,0,0,1
449,Juan Nicasio,27,COL,33,27,24,0,2,0,0,0,4,0,0,0,13,.083,.080,.083,.163,-57,2,0,0,2,1,0,1
450,Jon Niese*,27,NYM,31,65,55,3,5,1,0,0,4,0,0,6,29,.091,.180,.109,.289,-14,6,0,0,4,0,0,1
451,Kirk Nieuwenhuis*,26,NYM,61,130,112,16,29,14,1,3,16,4,0,16,39,.259,.346,.482,.828,136,54,1,0,0,2,3,78/9
452,Wil Nieves,36,PHI,36,128,122,9,31,8,0,1,7,1,0,1,34,.254,.270,.344,.614,71,42,2,2,2,1,0,2/3
453,Jayson Nix,31,TOT,34,82,75,2,10,0,0,1,3,1,2,3,22,.133,.188,.173,.361,3,13,2,2,1,0,0,54/69
454,Jayson Nix,31,PHI,18,43,39,1,6,0,0,1,2,0,2,2,18,.154,.214,.231,.445,25,9,1,1,0,0,0,/564
455,Jayson Nix,31,PIT,16,39,36,1,4,0,0,0,1,1,0,1,4,.111,.158,.111,.269,-22,4,1,1,1,0,0,4/59
456,Vidal Nuno*,26,ARI,14,25,18,2,1,0,0,0,0,0,0,0,8,.056,.105,.056,.161,-53,1,1,1,6,0,0,1
457,Sean O'Sullivan,26,PHI,3,3,3,0,0,0,0,0,0,0,0,0,2,.000,.000,.000,.000,-100,0,0,0,0,0,0,/1
458,Miguel Olivo,35,LAD,8,25,23,4,5,0,1,0,2,0,0,1,12,.217,.240,.304,.544,55,7,1,0,0,1,0,/2
459,Mike Olt,25,CHC,89,258,225,23,36,8,0,12,33,0,1,25,100,.160,.248,.356,.604,65,80,3,3,0,5,0,53/D
460,Logan Ondrusek,29,CIN,40,3,3,0,0,0,0,0,0,0,0,0,3,.000,.000,.000,.000,-100,0,0,0,0,0,0,1
461,Adam Ottavino#,28,COL,75,0,0,0,0,0,0,0,0,0,0,0,0,,,,,,0,0,0,0,0,0,1
462,Lyle Overbay*,37,MIL,121,296,258,24,60,14,0,4,35,2,0,36,60,.233,.328,.333,.661,85,86,8,1,0,1,2,3/1
463,Chris Owings,22,ARI,91,332,310,34,81,15,6,6,26,8,1,16,67,.261,.300,.406,.706,95,126,4,2,2,2,0,64
464,Marcell Ozuna,23,MIA,153,612,565,72,152,26,5,23,85,3,1,41,164,.269,.317,.455,.772,111,257,12,1,0,5,1,*87/9
465,Jordan Pacheco,28,TOT,69,165,153,10,39,10,1,0,16,0,0,9,27,.255,.299,.333,.632,72,51,6,1,1,1,0,23/54
466,Jordan Pacheco,28,COL,22,80,72,4,17,6,1,0,8,0,0,6,15,.236,.300,.347,.647,71,25,3,1,0,1,0,2/34
467,Jordan Pacheco,28,ARI,47,85,81,6,22,4,0,0,8,0,0,3,12,.272,.298,.321,.619,73,26,3,0,1,0,0,3/54
468,Angel Pagan#,32,SFG,96,413,383,56,115,21,2,3,27,16,6,25,53,.300,.342,.389,.731,110,149,5,1,1,3,1,8
469,Matt Pagnozzi,31,MIL,1,0,0,0,0,0,0,0,0,0,0,0,0,,,,,,0,0,0,0,0,0,/2
470,Joe Panik*,23,SFG,73,287,269,31,82,10,2,1,18,0,0,16,33,.305,.343,.368,.711,104,99,4,0,1,1,0,4
471,Jonathan Papelbon,33,PHI,66,0,0,0,0,0,0,0,0,0,0,0,0,,,,,,0,0,0,0,0,0,1
472,Blake Parker,29,CHC,18,0,0,0,0,0,0,0,0,0,0,0,0,,,,,,0,0,0,0,0,0,1
473,Kyle Parker,24,COL,18,26,26,1,5,1,0,0,1,0,0,0,14,.192,.192,.231,.423,12,6,0,0,0,0,0,/93
474,Bobby Parnell,29,NYM,1,0,0,0,0,0,0,0,0,0,0,0,0,,,,,,0,0,0,0,0,0,/1
475,Gerardo Parra*,27,TOT,150,574,529,64,138,22,4,9,40,9,7,32,100,.261,.308,.369,.677,88,195,10,5,6,2,5,*978
476,Gerardo Parra*,27,ARI,104,440,406,51,105,18,3,6,30,5,5,24,72,.259,.305,.362,.667,85,147,6,4,4,2,3,9/8
477,Gerardo Parra*,27,MIL,46,134,123,13,33,4,1,3,10,4,2,8,28,.268,.318,.390,.708,96,48,4,1,2,0,2,7/89
478,Manny Parra*,31,CIN,53,0,0,0,0,0,0,0,0,0,0,0,0,,,,,,0,0,0,0,0,0,1
479,Curtis Partch,27,CIN,6,0,0,0,0,0,0,0,0,0,0,0,0,,,,,,0,0,0,0,0,0,/1
480,Tyler Pastornicky,24,ATL,28,47,40,4,8,0,1,0,2,0,1,6,11,.200,.304,.250,.554,59,10,0,0,1,0,0,4
481,Joe Paterson,28,ARI,3,0,0,0,0,0,0,0,0,0,0,0,0,,,,,,0,0,0,0,0,0,/1
482,Red Patterson,27,LAD,1,0,,,,,,,,,,,,,,,,,,,,,,,/1
483,Troy Patton#,28,SDP,8,0,0,0,0,0,0,0,0,0,0,0,0,,,,,,0,0,0,0,0,0,/1
484,Xavier Paul*,29,ARI,14,21,20,2,2,0,0,0,0,0,0,1,8,.100,.143,.100,.243,-31,2,0,0,0,0,1,/7
485,Ben Paulsen*,26,COL,31,66,63,8,20,4,0,4,10,0,0,2,19,.317,.348,.571,.920,139,36,1,1,0,0,1,3/9
486,Jake Peavy,33,SFG,12,24,23,1,0,0,0,0,0,0,0,0,14,.000,.000,.000,.000,-100,0,0,0,1,0,0,1
487,Joc Pederson*,22,LAD,18,38,28,1,4,0,0,0,0,0,0,9,11,.143,.351,.143,.494,48,4,1,0,1,0,0,/897
488,Brayan Pena#,32,CIN,115,372,348,23,88,18,1,5,26,2,3,20,42,.253,.291,.353,.645,82,123,8,0,1,3,2,32/D
489,Ramiro Pena#,28,ATL,81,165,147,9,36,6,0,3,9,1,0,13,38,.245,.304,.347,.651,84,51,0,0,4,1,3,456
490,Hunter Pence,31,SFG,162,708,650,106,180,29,10,20,74,13,6,52,130,.277,.332,.445,.777,121,289,13,3,0,3,3,*9/8
491,Cliff Pennington#,30,ARI,68,201,177,21,45,5,3,2,10,6,1,20,36,.254,.340,.350,.690,93,62,1,3,1,0,0,64/5
492,Brad Penny,36,MIA,8,8,6,1,2,1,0,0,0,0,0,0,3,.333,.333,.500,.833,128,3,0,0,2,0,0,/1
493,David Peralta*,26,ARI,88,348,329,40,94,12,9,8,36,6,3,16,60,.286,.320,.450,.770,112,148,9,1,1,1,0,978
494,Jhonny Peralta,32,STL,157,628,560,61,147,38,0,21,75,3,2,58,112,.263,.336,.443,.779,116,248,19,6,0,4,2,*6/D
495,Wily Peralta,25,MIL,32,68,57,4,3,2,0,0,3,0,0,2,24,.053,.083,.088,.171,-52,5,1,0,8,1,0,1
496,Audry Perez,25,STL,1,1,0,0,0,0,0,0,0,0,0,1,0,,1.000,,,,0,0,0,0,0,0,
497,Chris Perez,28,LAD,49,1,1,0,0,0,0,0,0,0,0,0,1,.000,.000,.000,.000,-100,0,0,0,0,0,0,1
498,Juan Perez,27,SFG,61,109,100,13,17,7,0,1,3,0,1,5,25,.170,.224,.270,.494,41,27,3,2,2,0,0,78/9
499,Oliver Perez*,32,ARI,68,0,0,0,0,0,0,0,0,0,0,0,0,,,,,,0,0,0,0,0,0,1
500,Jace Peterson*,24,SDP,27,58,53,3,6,0,0,0,0,2,0,2,18,.113,.161,.113,.274,-18,6,1,1,2,0,1,45
501,Yusmeiro Petit,29,SFG,39,27,25,2,1,0,0,0,0,0,0,1,13,.040,.077,.040,.117,-65,1,0,0,1,0,0,1
502,Jonathan Pettibone*,23,PHI,2,2,2,0,0,0,0,0,0,0,0,0,1,.000,.000,.000,.000,-100,0,0,0,0,0,0,/1
503,Tommy Pham,26,STL,6,2,2,0,0,0,0,0,0,0,0,0,2,.000,.000,.000,.000,-100,0,0,0,0,0,0,/79
504,Brandon Phillips,33,CIN,121,499,462,44,123,25,0,8,51,2,3,23,74,.266,.306,.372,.678,91,172,13,6,2,6,1,*4
505,A.J. Pierzynski*,37,STL,30,88,82,6,20,2,0,1,6,0,1,5,14,.244,.295,.305,.600,69,25,2,1,0,0,0,2
506,Stolmy Pimentel,24,PIT,20,5,5,0,0,0,0,0,0,0,0,0,3,.000,.000,.000,.000,-100,0,0,0,0,0,0,1
507,Gregory Polanco*,22,PIT,89,312,277,50,65,9,0,7,33,14,5,30,59,.235,.307,.343,.650,84,95,1,0,2,2,1,9
508,A.J. Pollock,26,ARI,75,287,265,41,80,19,6,7,24,14,3,19,46,.302,.353,.498,.851,134,132,4,2,1,0,0,8/7
509,Buster Posey,27,SFG,147,605,547,72,170,28,2,22,89,0,1,47,69,.311,.364,.490,.854,143,268,16,3,0,8,5,*23/D
510,Martin Prado,30,ARI,106,436,403,44,109,17,4,5,42,2,1,23,57,.270,.317,.370,.686,91,149,17,6,0,4,0,5/4
511,Jason Pridie*,30,COL,2,4,4,1,0,0,0,0,0,0,0,0,2,.000,.000,.000,.000,-100,0,0,0,0,0,0,/79
512,Yasiel Puig,23,LAD,148,640,558,92,165,37,9,16,69,11,7,67,124,.296,.382,.480,.863,145,268,7,12,2,1,3,*98/D
513,J.J. Putz,37,ARI,18,0,0,0,0,0,0,0,0,0,0,0,0,,,,,,0,0,0,0,0,0,1
514,Kevin Quackenbush,25,SDP,56,0,0,0,0,0,0,0,0,0,0,0,0,,,,,,0,0,0,0,0,0,1
515,Carlos Quentin,31,SDP,50,155,130,9,23,6,0,4,18,0,0,17,33,.177,.284,.315,.599,75,41,5,4,0,4,0,7/D
516,Omar Quintanilla*,32,NYM,15,31,29,2,6,1,0,0,3,0,0,2,5,.207,.258,.241,.499,45,7,1,0,0,0,0,6/4
517,Guillermo Quiroz,32,SFG,2,3,3,0,0,0,0,0,0,0,0,0,0,.000,.000,.000,.000,-100,0,0,0,0,0,0,/2
518,Aramis Ramirez,36,MIL,133,531,494,47,141,23,1,15,66,3,0,21,75,.285,.330,.427,.757,109,211,18,13,0,3,2,*5/D
519,Hanley Ramirez,30,LAD,128,512,449,64,127,35,0,13,71,14,5,56,84,.283,.369,.448,.817,132,201,10,6,0,1,2,*6/D
520,Neil Ramirez,25,CHC,50,0,0,0,0,0,0,0,0,0,0,0,0,,,,,,0,0,0,0,0,0,1
521,A.J. Ramos,27,MIA,68,0,0,0,0,0,0,0,0,0,0,0,0,,,,,,0,0,0,0,0,0,1
522,Wilson Ramos,26,WSN,88,361,341,32,91,12,0,11,47,0,0,17,57,.267,.299,.399,.698,91,136,17,0,0,3,2,2/D
523,J.T. Realmuto,23,MIA,11,30,29,4,7,1,1,0,9,0,0,1,8,.241,.267,.345,.611,68,10,2,0,0,0,0,/2
524,Anthony Recker,30,NYM,58,189,174,18,35,9,0,7,27,1,1,10,64,.201,.246,.374,.620,76,65,2,1,2,2,0,2
525,Addison Reed*,25,ARI,62,0,0,0,0,0,0,0,0,0,0,0,0,,,,,,0,0,0,0,0,0,1
526,Nolan Reimold,30,ARI,7,18,17,2,5,1,0,1,4,0,0,0,10,.294,.278,.529,.807,119,9,0,0,0,1,0,/7
527,Anthony Rendon,24,WSN,153,683,613,111,176,39,6,21,83,17,3,58,104,.287,.351,.473,.824,125,290,11,5,2,5,2,*54
528,Ben Revere*,26,PHI,151,626,601,71,184,13,7,2,28,49,8,13,49,.306,.325,.361,.686,93,217,11,4,7,1,1,*8
529,Mark Reynolds,30,MIL,130,433,378,47,74,9,0,22,45,5,1,47,122,.196,.287,.394,.681,88,149,8,3,1,4,3,35/9
530,Scott Rice*,32,NYM,32,0,0,0,0,0,0,0,0,0,0,0,0,,,,,,0,0,0,0,0,0,1
531,Rene Rivera,30,SDP,103,329,294,27,74,18,1,11,44,0,0,27,76,.252,.319,.432,.751,117,127,6,3,3,2,3,2/3
532,Anthony Rizzo*,24,CHC,140,616,524,89,150,28,1,32,78,5,4,73,116,.286,.386,.527,.913,151,276,8,15,0,4,7,*3
533,Donn Roach,24,SDP,16,4,4,0,1,1,0,0,0,0,0,0,1,.250,.250,.500,.750,113,2,0,0,0,0,0,1
534,Tanner Roark,27,WSN,31,70,58,1,7,0,0,0,0,0,0,1,21,.121,.136,.121,.256,-28,7,1,0,11,0,0,1
535,Clint Robinson*,29,LAD,9,10,9,3,3,0,0,0,2,0,0,1,1,.333,.400,.333,.733,113,3,0,0,0,0,0,/3
536,Shane Robinson,29,STL,47,66,60,3,9,1,1,0,4,0,1,6,10,.150,.227,.200,.427,21,12,3,0,0,0,0,9/78
537,Francisco Rodriguez,32,MIL,69,0,0,0,0,0,0,0,0,0,0,0,0,,,,,,0,0,0,0,0,0,1
538,Henry Rodriguez,27,MIA,2,0,0,0,0,0,0,0,0,0,0,0,0,,,,,,0,0,0,0,0,0,/1
539,Paco Rodriguez*,23,LAD,19,0,0,0,0,0,0,0,0,0,0,0,0,,,,,,0,0,0,0,0,0,1
540,Wandy Rodriguez,35,PIT,6,8,8,0,2,0,0,0,0,0,0,0,2,.250,.250,.250,.500,42,2,0,0,0,0,0,/1
541,Yorman Rodriguez,21,CIN,11,29,27,3,6,0,0,0,2,0,1,1,12,.222,.276,.222,.498,44,6,0,1,0,0,0,/987
542,Jason Rogers,26,MIL,8,10,9,0,1,1,0,0,0,0,0,1,1,.111,.200,.222,.422,18,2,0,0,0,0,0,/3
543,Miguel Rojas,25,LAD,85,162,149,16,27,3,0,1,9,0,0,10,28,.181,.242,.221,.464,34,33,5,2,1,0,1,65/47
544,Jimmy Rollins#,35,PHI,138,609,538,78,131,22,4,17,55,28,6,64,100,.243,.323,.394,.717,101,212,6,1,3,3,2,*6/D
545,Jamie Romak,28,LAD,15,23,21,2,1,1,0,0,3,0,0,2,8,.048,.130,.095,.226,-34,2,1,0,0,0,0,/935
546,Sergio Romo,31,SFG,64,0,0,0,0,0,0,0,0,0,0,0,0,,,,,,0,0,0,0,0,0,1
547,Hector Rondon,26,CHC,64,0,0,0,0,0,0,0,0,0,0,0,0,,,,,,0,0,0,0,0,0,1
548,Jorge Rondon,26,STL,1,0,0,0,0,0,0,0,0,0,0,0,0,,,,,,0,0,0,0,0,0,/1
549,Wilin Rosario,25,COL,106,410,382,46,102,25,0,13,54,1,0,23,70,.267,.305,.435,.739,93,166,17,0,0,5,5,2/3
550,B.J. Rosenberg,28,PHI,13,0,0,0,0,0,0,0,0,0,0,0,0,,,,,,0,0,0,0,0,0,1
551,Trevor Rosenthal,24,STL,72,1,1,0,0,0,0,0,0,0,0,0,1,.000,.000,.000,.000,-100,0,0,0,0,0,0,1
552,Cody Ross,33,ARI,83,219,202,15,51,8,0,2,15,0,0,15,44,.252,.306,.322,.628,75,65,3,1,0,1,0,79
553,Tyson Ross,27,SDP,32,63,56,6,10,1,0,0,3,0,0,3,22,.179,.230,.196,.426,26,11,0,1,2,1,0,1
554,Zac Rosscup,26,CHC,18,0,0,0,0,0,0,0,0,0,0,0,0,,,,,,0,0,0,0,0,0,1
555,Ryan Rowland-Smith*,31,ARI,6,1,1,0,0,0,0,0,0,0,0,0,1,.000,.000,.000,.000,-100,0,0,0,0,0,0,/1
556,Darin Ruf,27,PHI,52,117,102,13,24,8,0,3,8,0,0,8,32,.235,.310,.402,.712,99,41,2,4,1,2,0,37/5
557,Justin Ruggiano,32,CHC,81,250,224,29,63,13,1,6,28,2,4,18,70,.281,.337,.429,.766,111,96,2,3,1,4,0,987
558,Carlos Ruiz,35,PHI,110,445,381,43,96,25,1,6,31,4,2,46,60,.252,.347,.370,.717,102,141,11,12,1,5,1,*2
559,Cameron Rupp,25,PHI,18,64,60,4,11,4,0,0,6,0,0,4,20,.183,.234,.250,.484,36,15,5,0,0,0,0,2
560,Chris Rusin*,27,CHC,4,3,3,0,0,0,0,0,0,0,0,0,1,.000,.000,.000,.000,-100,0,0,0,0,0,0,/1
561,James Russell*,28,TOT,66,2,2,0,0,0,0,0,0,0,0,0,0,.000,.000,.000,.000,-100,0,0,0,0,0,0,1
562,James Russell*,28,CHC,44,0,0,0,0,0,0,0,0,0,0,0,0,,,,,,0,0,0,0,0,0,1
563,James Russell*,28,ATL,22,2,2,0,0,0,0,0,0,0,0,0,0,.000,.000,.000,.000,-100,0,0,0,0,0,0,1
564,Josh Rutledge,25,COL,105,342,309,44,83,16,7,4,33,2,3,20,83,.269,.323,.405,.728,92,125,6,6,5,2,0,64/5
565,Hyun-jin Ryu,27,LAD,26,56,47,4,7,2,0,0,2,0,0,1,17,.149,.167,.191,.358,2,9,0,0,8,0,0,1
566,Casey Sadler,23,PIT,6,0,0,0,0,0,0,0,0,0,0,0,0,,,,,,0,0,0,0,0,0,/1
567,Jarrod Saltalamacchia#,29,MIA,114,435,373,43,82,20,0,11,44,0,1,55,143,.220,.320,.362,.681,89,135,11,2,0,5,4,2/D
568,Jeff Samardzija,29,CHC,17,38,34,3,6,3,0,0,3,0,0,0,10,.176,.167,.265,.431,18,9,1,0,2,2,0,1
569,Gaby Sanchez,30,PIT,123,290,262,31,60,18,1,7,33,2,0,23,58,.229,.293,.385,.679,91,101,6,2,0,3,0,3/D9
570,Hector Sanchez#,24,SFG,66,177,163,8,32,8,0,3,28,0,1,8,55,.196,.237,.301,.538,53,49,2,2,0,4,1,2/3
571,Tony Sanchez,26,PIT,26,80,75,3,20,1,0,2,13,0,0,3,28,.267,.300,.360,.660,86,27,0,1,0,1,0,2/D
572,Pablo Sandoval#,27,SFG,157,638,588,68,164,26,3,16,73,0,0,39,85,.279,.324,.415,.739,111,244,16,4,0,7,6,*5/D
573,Ervin Santana,31,ATL,31,73,63,7,7,1,0,0,1,0,0,2,28,.111,.138,.127,.265,-24,8,1,0,8,0,0,1
574,Ramon Santiago#,34,CIN,75,214,179,20,44,8,0,2,17,2,1,24,38,.246,.343,.324,.667,91,58,1,3,7,1,0,546/7
575,Josh Satin,29,NYM,25,43,35,2,3,2,0,0,3,0,0,6,14,.086,.256,.143,.399,19,5,2,2,0,0,0,/35
576,Rob Scahill*,27,COL,12,0,0,0,0,0,0,0,0,0,0,0,0,,,,,,0,0,0,0,0,0,1
577,Jordan Schafer*,27,ATL,63,93,80,9,13,4,0,0,2,15,2,10,20,.163,.256,.213,.468,34,17,1,0,3,0,1,78/9D
578,Logan Schafer*,27,MIL,65,136,116,13,21,9,1,0,8,2,1,15,27,.181,.278,.276,.554,55,32,0,1,3,1,3,798
579,Nate Schierholtz*,30,TOT,122,383,353,32,69,11,4,7,37,4,5,20,84,.195,.243,.309,.552,52,109,6,4,0,6,0,9/78D
580,Nate Schierholtz*,30,CHC,99,341,313,29,60,10,3,6,33,4,4,18,76,.192,.240,.300,.541,49,94,6,4,0,6,0,9/D
581,Nate Schierholtz*,30,WSN,23,42,40,3,9,1,1,1,4,0,1,2,8,.225,.262,.375,.637,74,15,0,0,0,0,0,/978
582,Brian Schlitter,28,CHC,61,1,1,0,1,0,0,0,0,0,0,0,0,1.000,1.000,1.000,2.000,458,1,0,0,0,0,0,1
583,Gus Schlosser,25,ATL,15,1,1,0,1,0,0,0,0,0,0,0,0,1.000,1.000,1.000,2.000,467,1,0,0,0,0,0,1
584,Bo Schultz,28,ARI,4,1,1,0,0,0,0,0,0,0,0,0,0,.000,.000,.000,.000,-100,0,0,0,0,0,0,/1
585,Skip Schumaker*,34,CIN,83,271,247,22,58,12,0,2,22,2,1,18,50,.235,.287,.308,.595,69,76,3,1,3,2,0,749/81
586,Xavier Scruggs,26,STL,9,18,15,0,3,1,0,0,2,0,0,2,7,.200,.333,.267,.600,71,4,0,1,0,0,0,/3
587,Marco Scutaro,38,SFG,5,13,11,1,1,0,0,0,0,0,0,1,3,.091,.167,.091,.258,-23,1,1,0,1,0,0,/4
588,Jean Segura,24,MIL,146,557,513,61,126,14,6,5,31,20,9,28,70,.246,.289,.326,.614,71,167,13,4,10,2,5,*6
589,Chasen Shreve*,23,ATL,15,0,0,0,0,0,0,0,0,0,0,0,0,,,,,,0,0,0,0,0,0,1
590,Kevin Siegrist*,24,STL,37,0,0,0,0,0,0,0,0,0,0,0,0,,,,,,0,0,0,0,0,0,1
591,Andrelton Simmons,24,ATL,146,576,540,44,132,18,4,7,46,4,5,32,60,.244,.286,.331,.617,74,179,25,0,2,2,4,*6
592,Shae Simmons,23,ATL,26,0,0,0,0,0,0,0,0,0,0,0,0,,,,,,0,0,0,0,0,0,1
593,Alfredo Simon,33,CIN,32,67,59,2,7,3,0,0,2,0,0,1,21,.119,.133,.169,.303,-15,10,0,0,7,0,0,1
594,Grady Sizemore*,31,PHI,60,176,162,21,41,9,2,3,12,1,1,14,35,.253,.313,.389,.701,96,63,4,0,0,0,0,79/8
595,Kevin Slowey,30,MIA,17,5,5,0,0,0,0,0,0,0,0,0,2,.000,.000,.000,.000,-100,0,0,0,0,0,0,1
596,Seth Smith*,31,SDP,136,521,443,55,118,31,5,12,48,1,1,69,87,.266,.367,.440,.807,135,195,9,4,0,4,3,*79/D
597,Will Smith,24,MIL,78,0,0,0,0,0,0,0,0,0,0,0,0,,,,,,0,0,0,0,0,0,1
598,Travis Snider*,26,PIT,140,359,322,37,85,15,1,13,38,1,1,34,67,.264,.338,.438,.776,118,141,10,2,1,0,2,97/D1
599,Donovan Solano,26,MIA,111,340,310,26,78,11,1,3,28,1,2,19,61,.252,.300,.323,.623,73,100,5,3,7,1,0,4/65
600,Yangervis Solarte#,26,SDP,56,246,217,30,58,5,1,4,17,0,1,23,24,.267,.336,.355,.691,103,77,5,1,2,3,1,54/76
601,Jorge Soler,22,CHC,24,97,89,11,26,8,1,5,20,1,0,6,24,.292,.330,.573,.903,145,51,3,0,0,2,0,9
602,Rafael Soriano,34,WSN,64,0,0,0,0,0,0,0,0,0,0,0,0,,,,,,0,0,0,0,0,0,1
603,Neftali Soto,25,CIN,21,31,30,1,3,1,0,0,1,1,0,0,8,.100,.097,.133,.230,-36,4,2,0,0,1,0,/35D
604,Steven Souza,25,WSN,21,26,23,2,3,0,0,2,2,0,0,3,7,.130,.231,.391,.622,68,9,1,0,0,0,0,/978
605,Denard Span*,30,WSN,147,668,610,94,184,39,8,5,37,31,7,50,65,.302,.355,.416,.771,113,254,6,2,3,3,1,*8
606,Cory Spangenberg*,23,SDP,20,65,62,7,18,2,1,2,9,4,2,2,14,.290,.313,.452,.764,120,28,1,0,1,0,0,/574
607,Zeke Spruill#,24,ARI,6,5,5,0,1,1,0,0,0,0,0,0,1,.200,.200,.400,.600,62,2,0,0,0,0,0,/1
608,Craig Stammen,30,WSN,49,8,7,0,2,1,0,0,0,0,0,0,4,.286,.286,.429,.714,94,3,0,0,1,0,0,1
609,Giancarlo Stanton,24,MIA,145,638,539,89,155,31,1,37,105,13,1,94,170,.288,.395,.555,.950,160,299,16,3,0,2,24,*9/D
610,Tim Stauffer,32,SDP,44,8,7,0,1,0,0,0,0,0,0,0,2,.143,.143,.143,.286,-16,1,0,0,1,0,0,1
611,Chris Stewart,32,PIT,49,154,136,9,40,5,0,0,10,0,1,12,27,.294,.362,.331,.693,98,45,2,3,2,1,2,2
612,Matt Stites*,24,ARI,37,0,0,0,0,0,0,0,0,0,0,0,0,,,,,,0,0,0,0,0,0,1
613,Drew Storen#,26,WSN,65,0,0,0,0,0,0,0,0,0,0,0,0,,,,,,0,0,0,0,0,0,1
614,Dan Straily,25,CHC,7,2,1,0,0,0,0,0,0,0,0,1,1,.000,.500,.000,.500,54,0,0,0,0,0,0,/1
615,Stephen Strasburg,25,WSN,34,76,60,3,6,1,0,0,3,0,0,7,26,.100,.194,.117,.311,-11,7,1,0,9,0,0,1
616,Huston Street,30,SDP,33,0,0,0,0,0,0,0,0,0,0,0,0,,,,,,0,0,0,0,0,0,1
617,Hunter Strickland,25,SFG,9,0,0,0,0,0,0,0,0,0,0,0,0,,,,,,0,0,0,0,0,0,/1
618,Pedro Strop,29,CHC,65,0,0,0,0,0,0,0,0,0,0,0,0,,,,,,0,0,0,0,0,0,1
619,Drew Stubbs,29,COL,132,424,388,67,112,22,4,15,43,20,3,30,136,.289,.339,.482,.821,115,187,4,1,2,3,1,*8
620,Eric Stults*,34,SDP,32,53,48,1,4,1,0,0,1,0,0,1,18,.083,.102,.104,.206,-39,5,1,0,4,0,0,1
621,Andrew Susac,24,SFG,35,95,88,13,24,8,0,3,19,0,0,7,28,.273,.326,.466,.792,125,41,0,0,0,0,0,2
622,Ryan Sweeney*,29,CHC,77,226,207,22,52,9,0,3,20,0,0,15,33,.251,.304,.338,.642,78,70,4,1,2,1,2,897/D
623,Matt Szczur,24,CHC,33,66,62,6,14,2,0,2,5,0,0,4,11,.226,.273,.355,.628,73,22,1,0,0,0,0,9/87
624,Jose Tabata,25,PIT,80,186,174,14,49,5,2,0,17,1,2,7,26,.282,.314,.333,.647,84,58,12,2,1,2,0,97/8
625,Oscar Taveras*,22,STL,80,248,234,18,56,8,0,3,22,0,1,12,37,.239,.278,.312,.590,65,73,10,1,0,1,0,9/8
626,Michael Taylor,23,WSN,17,43,39,5,8,3,0,1,5,0,2,3,17,.205,.279,.359,.638,75,14,1,1,0,0,0,8/9
627,Taylor Teagarden,30,NYM,9,30,28,1,4,0,0,1,5,0,0,2,7,.143,.200,.250,.450,29,7,1,0,0,0,0,/2
628,Julio Teheran,23,ATL,33,76,66,1,7,1,0,0,6,0,0,1,21,.106,.132,.121,.254,-28,8,1,1,8,0,0,1
629,Ruben Tejada,24,NYM,119,419,355,30,84,11,0,5,34,1,2,50,73,.237,.342,.310,.652,90,110,8,8,4,2,11,*6
630,Joey Terdoslavich#,25,ATL,9,11,10,1,3,2,0,0,2,0,0,0,3,.300,.364,.500,.864,141,5,0,1,0,0,0,/39
631,Joe Thatcher*,32,ARI,37,0,0,0,0,0,0,0,0,0,0,0,0,,,,,,0,0,0,0,0,0,1
632,Dale Thayer,33,SDP,70,1,1,0,0,0,0,0,0,0,0,0,1,.000,.000,.000,.000,-100,0,0,0,0,0,0,1
633,Ian Thomas,27,ATL,16,0,0,0,0,0,0,0,0,0,0,0,0,,,,,,0,0,0,0,0,0,1
634,Tyler Thornburg,25,MIL,27,2,1,0,0,0,0,0,0,0,0,0,0,.000,.500,.000,.500,55,0,0,1,0,0,0,1
635,Matt Thornton*,37,WSN,18,0,0,0,0,0,0,0,0,0,0,0,0,,,,,,0,0,0,0,0,0,1
636,Alex Torres*,26,SDP,70,1,1,0,0,0,0,0,0,0,0,0,1,.000,.000,.000,.000,-100,0,0,0,0,0,0,1
637,Carlos Torres,31,NYM,73,7,5,0,0,0,0,0,0,0,0,0,4,.000,.000,.000,.000,-100,0,0,0,2,0,0,1
638,Wilfredo Tovar,22,NYM,2,3,3,0,0,0,0,0,0,0,0,0,0,.000,.000,.000,.000,-100,0,0,0,0,0,0,/6
639,Blake Treinen,26,WSN,15,15,12,0,1,0,0,0,0,0,0,1,8,.083,.154,.083,.237,-32,1,0,0,2,0,0,1
640,Carlos Triunfel,24,LAD,12,16,15,3,2,0,0,1,1,0,0,1,5,.133,.188,.333,.521,45,5,0,0,0,0,0,6
641,Mark Trumbo,28,ARI,88,362,328,37,77,15,1,14,61,2,3,28,89,.235,.293,.415,.707,95,136,8,1,0,5,3,37/D
642,Sam Tuivailala,21,STL,2,0,0,0,0,0,0,0,0,0,0,0,0,,,,,,0,0,0,0,0,0,/1
643,Troy Tulowitzki,29,COL,91,375,315,71,107,18,1,21,52,1,1,50,57,.340,.432,.603,1.035,171,190,4,5,0,5,4,6
644,Jacob Turner,23,TOT,28,29,23,1,4,2,0,0,0,0,0,1,12,.174,.208,.261,.469,29,6,0,0,5,0,0,1
645,Jacob Turner,23,MIA,20,19,13,1,3,2,0,0,0,0,0,1,5,.231,.286,.385,.670,84,5,0,0,5,0,0,1
646,Jacob Turner,23,CHC,8,10,10,0,1,0,0,0,0,0,0,0,7,.100,.100,.100,.200,-44,1,0,0,0,0,0,/1
647,Justin Turner,29,LAD,109,322,288,46,98,21,1,7,43,6,1,28,58,.340,.404,.493,.897,155,142,6,4,0,2,1,564/3
648,Dan Uggla,34,TOT,52,157,141,14,21,3,0,2,10,0,0,11,46,.149,.229,.213,.442,26,30,3,4,0,1,0,4
649,Dan Uggla,34,ATL,48,145,130,13,21,3,0,2,10,0,0,10,40,.162,.241,.231,.472,34,30,3,4,0,1,0,4
650,Dan Uggla,34,SFG,4,12,11,1,0,0,0,0,0,0,0,1,6,.000,.083,.000,.083,-73,0,0,0,0,0,0,/4
651,B.J. Upton,29,ATL,141,582,519,67,108,19,5,12,35,20,7,57,173,.208,.287,.333,.620,75,173,6,1,3,2,5,*8
652,Justin Upton,26,ATL,154,641,566,77,153,34,2,29,102,8,4,60,171,.270,.342,.491,.833,132,278,10,6,0,8,1,*7/D
653,Juan Uribe,35,LAD,103,404,386,36,120,23,0,9,54,0,1,15,77,.311,.337,.440,.777,120,170,15,1,0,2,2,5
654,Chase Utley*,35,PHI,155,664,589,74,159,36,6,11,78,10,1,53,85,.270,.339,.407,.746,109,240,8,13,0,9,12,*4/3D
655,Chris Valaika,28,CHC,44,131,121,10,28,4,0,3,13,1,0,7,35,.231,.282,.339,.621,72,41,5,2,0,1,1,34/56
656,Luis Valbuena*,28,CHC,149,547,478,68,119,33,4,16,51,1,2,65,113,.249,.341,.435,.776,114,208,8,2,1,1,4,*54/D
657,Jordany Valdespin*,26,MIA,52,113,98,8,21,2,1,3,10,1,0,9,16,.214,.280,.347,.627,73,34,1,0,6,0,0,49/8D
658,Jose Valverde,36,NYM,21,0,0,0,0,0,0,0,0,0,0,0,0,,,,,,0,0,0,0,0,0,1
659,Scott Van Slyke,27,LAD,98,246,212,32,63,13,1,11,29,4,2,28,71,.297,.386,.524,.910,157,111,3,4,0,2,0,7389
660,Anthony Varvaro,29,ATL,61,0,0,0,0,0,0,0,0,0,0,0,0,,,,,,0,0,0,0,0,0,1
661,Will Venable*,31,SDP,146,448,406,47,91,13,2,8,33,11,6,33,107,.224,.288,.325,.613,79,132,6,4,3,2,2,*89/7
662,Jose Veras,33,CHC,12,0,0,0,0,0,0,0,0,0,0,0,0,,,,,,0,0,0,0,0,0,1
663,Carlos Villanueva,30,CHC,42,13,10,0,0,0,0,0,0,0,0,0,6,.000,.000,.000,.000,-100,0,1,0,3,0,0,1
664,Pedro Villarreal,26,CIN,12,2,2,0,1,0,0,0,0,0,0,0,1,.500,.500,.500,1.000,185,1,0,0,0,0,0,1
665,Nick Vincent,27,SDP,63,1,1,0,0,0,0,0,0,0,0,0,1,.000,.000,.000,.000,-100,0,0,0,0,0,0,1
666,Arodys Vizcaino,23,CHC,5,0,0,0,0,0,0,0,0,0,0,0,0,,,,,,0,0,0,0,0,0,/1
667,Ryan Vogelsong,36,SFG,32,66,61,3,7,2,0,0,2,0,0,2,20,.115,.156,.148,.304,-12,9,1,1,2,0,0,1
668,Edinson Volquez,30,PIT,32,64,53,3,2,0,0,0,2,0,0,3,27,.038,.089,.038,.127,-62,2,0,0,8,0,0,1
669,Joey Votto*,30,CIN,62,272,220,32,56,16,0,6,23,1,1,47,49,.255,.390,.409,.799,127,90,5,3,0,2,2,3
670,Michael Wacha,22,STL,19,32,29,1,1,0,0,0,2,0,0,0,18,.034,.034,.034,.069,-81,1,0,0,3,0,0,1
671,Tsuyoshi Wada*,33,CHC,13,24,20,0,1,0,0,0,0,0,0,1,10,.050,.095,.050,.145,-58,1,0,0,3,0,0,1
672,Adam Wainwright,32,STL,32,82,72,4,13,3,0,0,6,0,0,3,22,.181,.213,.222,.436,22,16,0,0,7,0,0,1
673,Jordan Walden,26,ATL,58,0,0,0,0,0,0,0,0,0,0,0,0,,,,,,0,0,0,0,0,0,1
674,Neil Walker#,28,PIT,137,571,512,74,139,25,3,23,76,2,2,45,88,.271,.342,.467,.809,127,239,12,11,1,2,2,*4
675,Zach Walters#,24,WSN,32,43,39,7,8,1,0,3,5,0,0,4,16,.205,.279,.462,.741,100,18,0,0,0,0,0,/5647
676,Wei-Chung Wang*,22,MIL,14,0,0,0,0,0,0,0,0,0,0,0,0,,,,,,0,0,0,0,0,0,1
677,Logan Watkins*,24,CHC,31,68,65,10,16,3,0,1,6,1,0,1,16,.246,.269,.338,.607,67,22,0,1,1,0,1,4/9D
678,Tony Watson*,29,PIT,78,3,3,0,1,0,0,0,0,0,0,0,2,.333,.333,.333,.667,90,1,0,0,0,0,0,1
679,Rickie Weeks,31,MIL,121,286,252,36,69,19,1,8,29,3,4,25,73,.274,.357,.452,.809,124,114,7,8,0,1,0,4/D
680,Jayson Werth,35,WSN,147,629,534,85,156,37,1,16,82,9,1,83,113,.292,.394,.455,.849,134,243,9,9,0,3,3,*9/D
681,Ryan Wheeler*,25,COL,31,64,56,6,13,2,0,2,13,0,0,5,12,.232,.281,.375,.656,72,21,1,0,0,3,0,5/3
682,Zack Wheeler*,24,NYM,34,63,50,1,4,1,0,0,3,0,0,1,24,.080,.098,.100,.198,-43,5,0,0,12,0,0,1
683,Eli Whiteside,34,CHC,8,26,25,0,3,1,0,0,2,1,0,0,8,.120,.115,.160,.275,-24,4,0,0,0,1,0,/2
684,Joe Wieland,24,SDP,4,3,3,0,0,0,0,0,0,0,0,0,2,.000,.000,.000,.000,-100,0,0,0,0,0,0,/1
685,Jackson Williams,28,COL,7,16,14,1,3,0,0,1,3,0,0,2,4,.214,.313,.429,.741,94,6,1,0,0,0,0,/2
686,Jerome Williams,32,PHI,9,16,12,0,2,0,0,0,3,0,0,0,4,.167,.167,.167,.333,-6,2,0,0,4,0,0,/1
687,Bobby Wilson,31,ARI,2,4,4,0,1,0,0,0,0,0,0,0,0,.250,.250,.250,.500,40,1,0,0,0,0,0,/2
688,Brian Wilson,32,LAD,61,0,0,0,0,0,0,0,0,0,0,0,0,,,,,,0,0,0,0,0,0,1
689,Justin Wilson*,26,PIT,70,1,1,0,0,0,0,0,0,0,0,0,1,.000,.000,.000,.000,-100,0,0,0,0,0,0,1
690,Chris Withrow,25,LAD,20,0,0,0,0,0,0,0,0,0,0,0,0,,,,,,0,0,0,0,0,0,1
691,Randy Wolf*,37,MIA,6,7,7,0,1,0,0,0,0,0,0,0,1,.143,.143,.143,.286,-20,1,0,0,0,0,0,/1
692,Kolten Wong*,23,STL,113,433,402,52,100,14,3,12,42,20,4,21,71,.249,.292,.388,.680,89,156,12,4,5,1,3,4
693,Alex Wood,23,ATL,35,48,41,1,3,0,0,0,2,0,0,2,28,.073,.116,.073,.189,-45,3,0,0,5,0,0,1
694,Travis Wood,27,CHC,41,66,56,9,13,2,0,3,10,0,0,1,17,.232,.271,.429,.700,91,24,1,2,7,0,0,1
695,Rob Wooten,28,MIL,40,0,0,0,0,0,0,0,0,0,0,0,0,,,,,,0,0,0,0,0,0,1
696,Vance Worley,26,PIT,20,38,32,1,2,1,0,0,0,0,0,1,17,.063,.091,.094,.185,-47,3,0,0,5,0,0,1
697,David Wright,31,NYM,134,586,535,54,144,30,1,8,63,8,5,42,113,.269,.324,.374,.698,101,200,22,4,0,5,5,*5
698,Jamey Wright,39,LAD,61,6,5,0,0,0,0,0,0,0,0,0,3,.000,.000,.000,.000,-100,0,0,0,1,0,0,1
699,Wesley Wright,29,CHC,58,0,0,0,0,0,0,0,0,0,0,0,0,,,,,,0,0,0,0,0,0,1
700,Christian Yelich*,22,MIA,144,660,582,94,165,30,6,9,54,21,7,70,137,.284,.362,.402,.764,112,234,9,3,3,2,3,*78
701,Rafael Ynoa#,26,COL,19,71,67,5,23,6,1,0,13,0,0,4,9,.343,.380,.463,.843,122,31,1,0,0,0,0,5/64
702,Chris Young,30,NYM,88,287,254,31,52,12,0,8,28,7,3,25,54,.205,.283,.346,.630,81,88,3,4,1,3,2,78/9
703,Eric Young#,29,NYM,100,316,280,48,64,10,5,1,17,30,6,24,60,.229,.299,.311,.610,77,87,2,5,5,2,1,7/48D
704,Brad Ziegler,34,ARI,68,1,1,0,0,0,0,0,0,0,0,0,1,.000,.000,.000,.000,-100,0,0,0,0,0,0,1
705,Ryan Zimmerman,29,WSN,61,240,214,26,60,19,1,5,38,0,0,22,37,.280,.342,.449,.790,117,96,6,0,0,4,0,75/3D
706,Jordan Zimmermann,28,WSN,32,67,55,3,10,1,0,0,1,0,0,2,21,.182,.207,.200,.407,13,11,0,0,9,1,0,1